Workbook

Sheet สรุป 1 ธค 68
A1: สถานะผู้ยี่นขอขนานไฟกับ PEA บนระบบ PPIM ของ กฟฟ. จุดรวมงาน (กรณีไม่เกิน 20 kW) (ราย)
B2: รอตรวจสอบแบบคำขอ | C2: ยกเลิก | D2: รอผู้ยื่นคำขอส่งเอกสารแก้ไข | E2: รอชำระเงิน | F2: รออนุมัติเชื่อมต่อ/รับพิจารณา | G2: รอดำเนินการหลังอนุมัติเชื่อมต่อ/รับพิจารณา | H2: รอแก้ไขเอกสารหลังอนุมัติเชื่อมต่อ / รับพิจารณา | I2: รอตรวจสอบระบบผลิต | J2: รอทดสอบเชื่อมต่อ | K2: รออนุมัติแจ้งวันเริ่มเชื่อมต่อ | L2: เชื่อมต่อเรียบร้อยแล้ว | M2: รวม | O2: รอตรวจสอบเอกสาร | P2: รอแจ้งแก้ไขเอกสาร | Q2: แจ้งแก้ไขเอกสารแล้วเสร็จ | R2: รอใบอนุญาต | T2: บริษัทแก้ไขเอกสารแล้วเสร็จ | U2: รอแจ้งค่าใช้จ่าย | V2: รอชำระค่าใช้จ่าย | W2: รอทดสอบ Relay | X2: รอเปลี่ยนมิเตอร์กันถอย | Y2: รอรายงานการติดตั้ง | Z2: รอนัดทดสอบ First Sync | AA2: รอแก้ไขหลังทดสอบ First Sync
A3: กฟส.เมืองนครปฐม | B3: ='กฟจ นฐ'!M3 -> 0 | C3: ='กฟจ นฐ'!M4 -> 50 | D3: ='กฟจ นฐ'!M5 -> 2 | E3: ='กฟจ นฐ'!M6 -> 44 | F3: ='กฟจ นฐ'!M7 -> 2 | G3: ='กฟจ นฐ'!M8 -> 17 | H3: ='กฟจ นฐ'!M9 -> 1 | I3: ='กฟจ นฐ'!M11 -> 2 | J3: ='กฟจ นฐ'!M12 -> 0 | K3: ='กฟจ นฐ'!M13 -> 0 | L3: ='กฟจ นฐ'!M14 -> 132 | M3: =SUM(B3:L3) -> 250
A4: กฟส.นครชัยศรี | B4: ='กฟส นครชัยศรี'!M3 -> 10 | C4: ='กฟส นครชัยศรี'!M4 -> 58 | D4: ='กฟส นครชัยศรี'!M5 -> 0 | E4: ='กฟส นครชัยศรี'!M6 -> 2 | F4: ='กฟส นครชัยศรี'!M7 -> 4 | G4: ='กฟส นครชัยศรี'!M8 -> 2 | H4: ='กฟส นครชัยศรี'!M9 -> 0 | I4: ='กฟส นครชัยศรี'!M11 -> 1 | J4: ='กฟส นครชัยศรี'!M12 -> 0 | K4: ='กฟส นครชัยศรี'!M13 -> 0 | L4: ='กฟส นครชัยศรี'!M14 -> 25 | M4: =SUM(B4:L4) -> 102
A5: กฟส กำแพงแสน | B5: ='กฟส กำแพงแสน'!M3 -> 2 | C5: ='กฟส กำแพงแสน'!M4 -> 44 | D5: ='กฟส กำแพงแสน'!M5 -> 1 | E5: ='กฟส กำแพงแสน'!M6 -> 3 | F5: ='กฟส กำแพงแสน'!M7 -> 1 | G5: ='กฟส กำแพงแสน'!M8 -> 7 | H5: ='กฟส กำแพงแสน'!M9 -> 1 | I5: ='กฟส กำแพงแสน'!M11 -> 1 | J5: ='กฟส กำแพงแสน'!M12 -> 0 | K5: ='กฟส กำแพงแสน'!M13 -> 0 | L5: ='กฟส กำแพงแสน'!M14 -> 26 | M5: =SUM(B5:L5) -> 86
A6: กฟส สามพราน | B6: ='กฟส สามพราน'!M3 -> 24 | C6: ='กฟส สามพราน'!M4 -> 214 | D6: ='กฟส สามพราน'!M5 -> 0 | E6: ='กฟส สามพราน'!M6 -> 2 | F6: ='กฟส สามพราน'!M7 -> 0 | G6: ='กฟส สามพราน'!M8 -> 4 | H6: ='กฟส สามพราน'!M9 -> 3 | I6: ='กฟส สามพราน'!M11 -> 2 | J6: ='กฟส สามพราน'!M12 -> 0 | K6: ='กฟส สามพราน'!M13 -> 0 | L6: ='กฟส สามพราน'!M14 -> 44 | M6: =SUM(B6:L6) -> 293
A7: กฟส บางเลน | B7: ='กฟส บางเลน'!M3 -> 14 | C7: ='กฟส บางเลน'!M4 -> 8 | D7: ='กฟส บางเลน'!M5 -> 0 | E7: ='กฟส บางเลน'!M6 -> 1 | F7: ='กฟส บางเลน'!M7 -> 13 | G7: ='กฟส บางเลน'!M8 -> 3 | H7: ='กฟส บางเลน'!M9 -> 0 | I7: ='กฟส บางเลน'!M11 -> 8 | J7: ='กฟส บางเลน'!M12 -> 0 | K7: ='กฟส บางเลน'!M13 -> 0 | L7: ='กฟส บางเลน'!M14 -> 5 | M7: =SUM(B7:L7) -> 52
A8: กฟส พุทธมณฑล | B8: ='กฟส พุทธมณฑล'!M3 -> 20 | C8: ='กฟส พุทธมณฑล'!M4 -> 35 | D8: ='กฟส พุทธมณฑล'!M5 -> 0 | E8: ='กฟส พุทธมณฑล'!M6 -> 0 | F8: ='กฟส พุทธมณฑล'!M7 -> 3 | G8: ='กฟส พุทธมณฑล'!M8 -> 9 | H8: ='กฟส พุทธมณฑล'!M9 -> 0 | I8: ='กฟส พุทธมณฑล'!M11 -> 0 | J8: ='กฟส พุทธมณฑล'!M12 -> 0 | K8: ='กฟส พุทธมณฑล'!M13 -> 0 | L8: ='กฟส พุทธมณฑล'!M14 -> 34 | M8: =SUM(B8:L8) -> 101
A9: รวมสังกัด กฟฟ จ.นครปฐม | B9: =SUM(B3:B8) -> 70 | C9: =SUM(C3:C8) -> 409 | D9: =SUM(D3:D8) -> 3 | E9: =SUM(E3:E8) -> 52 | F9: =SUM(F3:F8) -> 23 | G9: =SUM(G3:G8) -> 42 | H9: =SUM(H3:H8) -> 5 | I9: =SUM(I3:I8) -> 14 | ... L9: =SUM(L3:L8) -> 266 | M9: =SUM(B9:L9) -> 884 | N9: =SUM(M3:M8) -> 884
B10: รอตรวจสอบแบบคำขอ | C10: ยกเลิก | D10: รอผู้ยื่นคำขอส่งเอกสารแก้ไข | E10: รอชำระเงิน | F10: รออนุมัติเชื่อมต่อ/รับพิจารณา | G10: รอดำเนินการหลังอนุมัติเชื่อมต่อ/รับพิจารณา | H10: รอแก้ไขเอกสารหลังอนุมัติเชื่อมต่อ / รับพิจารณา | I10: รอตรวจสอบระบบผลิต | J10: รอทดสอบเชื่อมต่อ | K10: รออนุมัติแจ้งวันเริ่มเชื่อมต่อ | L10: เชื่อมต่อเรียบร้อยแล้ว | M10: รวม
A11: กฟส.เมืองสมุทรสาคร | B11: ='กฟจ สค'!M3 -> 4 | C11: ='กฟจ สค'!M4 -> 50 | D11: ='กฟจ สค'!M5 -> 1 | E11: ='กฟจ สค'!M6 -> 12 | F11: ='กฟจ สค'!M7 -> 3 | G11: ='กฟจ สค'!M8 -> 6 | H11: ='กฟจ สค'!M9 -> 4 | I11: ='กฟจ สค'!M11 -> 17 | J11: ='กฟจ สค'!M12 -> 0 | K11: ='กฟจ สค'!M13 -> 6 | L11: ='กฟจ สค'!M14 -> 103 | M11: =SUM(B11:L11) -> 206
A12: กฟส.อ้อมน้อย | B12: ='กฟส อ้อมน้อย'!M3 -> 8 | C12: ='กฟส อ้อมน้อย'!M4 -> 284 | D12: ='กฟส อ้อมน้อย'!M5 -> 0 | E12: ='กฟส อ้อมน้อย'!M6 -> 3 | F12: ='กฟส อ้อมน้อย'!M7 -> 0 | G12: ='กฟส อ้อมน้อย'!M8 -> 5 | H12: ='กฟส อ้อมน้อย'!M9 -> 3 | I12: ='กฟส อ้อมน้อย'!M11 -> 1 | J12: ='กฟส อ้อมน้อย'!M12 -> 0 | K12: ='กฟส อ้อมน้อย'!M13 -> 0 | L12: ='กฟส อ้อมน้อย'!M14 -> 24 | M12: =SUM(B12:L12) -> 328
A13: กฟส.กระทุ่มแบน | B13: ='กฟส กระทุ่มแบน'!M3 -> 7 | C13: ='กฟส กระทุ่มแบน'!M4 -> 11 | D13: ='กฟส กระทุ่มแบน'!M5 -> 0 | E13: ='กฟส กระทุ่มแบน'!M6 -> 10 | F13: ='กฟส กระทุ่มแบน'!M7 -> 1 | G13: ='กฟส กระทุ่มแบน'!M8 -> 9 | H13: ='กฟส กระทุ่มแบน'!M9 -> 0 | I13: ='กฟส กระทุ่มแบน'!M11 -> 6 | J13: ='กฟส กระทุ่มแบน'!M12 -> 0 | K13: ='กฟส กระทุ่มแบน'!M13 -> 0 | L13: ='กฟส กระทุ่มแบน'!M14 -> 23 | M13: =SUM(B13:L13) -> 67
A14: กฟส.สมุทรสาคร 2 | B14: ='กฟส สมุทรสาคร 2'!M3 -> 0 | C14: ='กฟส สมุทรสาคร 2'!M4 -> 19 | D14: ='กฟส สมุทรสาคร 2'!M5 -> 0 | E14: ='กฟส สมุทรสาคร 2'!M6 -> 6 | F14: ='กฟส สมุทรสาคร 2'!M7 -> 0 | G14: ='กฟส สมุทรสาคร 2'!M8 -> 4 | H14: ='กฟส สมุทรสาคร 2'!M9 -> 0 | I14: ='กฟส สมุทรสาคร 2'!M11 -> 0 | J14: ='กฟส สมุทรสาคร 2'!M12 -> 0 | K14: ='กฟส สมุทรสาคร 2'!M13 -> 0 | L14: ='กฟส สมุทรสาคร 2'!M14 -> 24 | M14: =SUM(B14:L14) -> 53
A15: กฟส.โคกขาม | B15: ='กฟส โคกขาม'!M3 -> 2 | C15: ='กฟส โคกขาม'!M4 -> 21 | D15: ='กฟส โคกขาม'!M5 -> 0 | E15: ='กฟส โคกขาม'!M6 -> 5 | F15: ='กฟส โคกขาม'!M7 -> 0 | G15: ='กฟส โคกขาม'!M8 -> 7 | H15: ='กฟส โคกขาม'!M9 -> 0 | I15: ='กฟส โคกขาม'!M11 -> 3 | J15: ='กฟส โคกขาม'!M12 -> 0 | K15: ='กฟส โคกขาม'!M13 -> 0 | L15: ='กฟส โคกขาม'!M14 -> 72 | M15: =SUM(B15:L15) -> 110
A16: รวม สังกัด กฟฟ จ..สมุทรสาคร | B16: =SUM(B11:B15) -> 21 | C16: =SUM(C11:C15) -> 385 | D16: =SUM(D11:D15) -> 1 | E16: =SUM(E11:E15) -> 36 | F16: =SUM(F11:F15) -> 4 | G16: =SUM(G11:G15) -> 31 | H16: =SUM(H11:H15) -> 7 | I16: =SUM(I11:I15) -> 27 | ... L16: =SUM(L11:L15) -> 246 | M16: =SUM(B16:L16) -> 764 | N16: =SUM(M11:M15) -> 764
B17: รอตรวจสอบแบบคำขอ | C17: ยกเลิก | D17: รอผู้ยื่นคำขอส่งเอกสารแก้ไข | E17: รอชำระเงิน | F17: รออนุมัติเชื่อมต่อ/รับพิจารณา | G17: รอดำเนินการหลังอนุมัติเชื่อมต่อ/รับพิจารณา | H17: รอแก้ไขเอกสารหลังอนุมัติเชื่อมต่อ / รับพิจารณา | I17: รอตรวจสอบระบบผลิต | J17: รอทดสอบเชื่อมต่อ | K17: รออนุมัติแจ้งวันเริ่มเชื่อมต่อ | L17: เชื่อมต่อเรียบร้อยแล้ว | M17: รวม
A18: กฟส.เมืองกาญจนบุรี | B18: ='กฟจ กจ'!M3 -> 0 | C18: ='กฟจ กจ'!M4 -> 146 | D18: ='กฟจ กจ'!M5 -> 0 | E18: ='กฟจ กจ'!M6 -> 16 | F18: ='กฟจ กจ'!M7 -> 2 | G18: ='กฟจ กจ'!M8 -> 14 | H18: ='กฟจ กจ'!M9 -> 2 | I18: ='กฟจ กจ'!M11 -> 0 | J18: ='กฟจ กจ'!M12 -> 0 | K18: ='กฟจ กจ'!M13 -> 0 | L18: ='กฟจ กจ'!M14 -> 114 | M18: =SUM(B18:L18) -> 294
A19: กฟส.บ่อพลอย | B19: ='กฟส บ่อพลอย'!M3 -> 1 | C19: ='กฟส บ่อพลอย'!M4 -> 25 | D19: ='กฟส บ่อพลอย'!M5 -> 0 | E19: ='กฟส บ่อพลอย'!M6 -> 0 | F19: ='กฟส บ่อพลอย'!M7 -> 0 | G19: ='กฟส บ่อพลอย'!M8 -> 3 | H19: ='กฟส บ่อพลอย'!M9 -> 1 | I19: ='กฟส บ่อพลอย'!M11 -> 1 | J19: ='กฟส บ่อพลอย'!M12 -> 0 | K19: ='กฟส บ่อพลอย'!M13 -> 0 | L19: ='กฟส บ่อพลอย'!M14 -> 23 | M19: =SUM(B19:L19) -> 54
A20: กฟส.ท่ามะกา | B20: ='กฟส ท่ามะกา'!M3 -> 4 | C20: ='กฟส ท่ามะกา'!M4 -> 39 | D20: ='กฟส ท่ามะกา'!M5 -> 2 | E20: ='กฟส ท่ามะกา'!M6 -> 1 | F20: ='กฟส ท่ามะกา'!M7 -> 2 | G20: ='กฟส ท่ามะกา'!M8 -> 2 | H20: ='กฟส ท่ามะกา'!M9 -> 0 | I20: ='กฟส ท่ามะกา'!M11 -> 7 | J20: ='กฟส ท่ามะกา'!M12 -> 0 | K20: ='กฟส ท่ามะกา'!M13 -> 0 | L20: ='กฟส ท่ามะกา'!M14 -> 18 | M20: =SUM(B20:L20) -> 75 | T20: พื้นที่ | U20: เชื่อมต่อแล้ว | V20: ยังไม่เชื่อมต่อ | W20: รวม (MW) | X20: %
A21: รวม สังกัด กฟฟ จ.กาญจนบุรี | B21: =SUM(B18:B20) -> 5 | C21: =SUM(C18:C20) -> 210 | D21: =SUM(D18:D20) -> 2 | E21: =SUM(E18:E20) -> 17 | F21: =SUM(F18:F20) -> 4 | G21: =SUM(G18:G20) -> 19 | H21: =SUM(H18:H20) -> 3 | I21: =SUM(I18:I20) -> 8 | ... L21: =SUM(L18:L20) -> 155 | M21: =SUM(B21:L21) -> 423 | T21: สนญ. | U21: 3 | V21: 389 | W21: 392 | X21: =U21/W21*100 -> 0.76530612 | Y21: =_xlfn.RANK.AVG(X21,X$21:X$34) -> 13
B22: รอตรวจสอบแบบคำขอ | C22: ยกเลิก | D22: รอผู้ยื่นคำขอส่งเอกสารแก้ไข | E22: รอชำระเงิน | F22: รออนุมัติเชื่อมต่อ/รับพิจารณา | G22: รอดำเนินการหลังอนุมัติเชื่อมต่อ/รับพิจารณา | H22: รอแก้ไขเอกสารหลังอนุมัติเชื่อมต่อ / รับพิจารณา | I22: รอตรวจสอบระบบผลิต | J22: รอทดสอบเชื่อมต่อ | K22: รออนุมัติแจ้งวันเริ่มเชื่อมต่อ | L22: เชื่อมต่อเรียบร้อยแล้ว | M22: รวม | T22: น.1 | U22: 710 | V22: 695 | W22: 1405 | X22: =U22/W22*100 -> 50.533808 | Y22: =_xlfn.RANK.AVG(X22,X$21:X$34) -> 2
A23: กฟส.เมืองสุพรรณบุรี | B23: ='กฟจ สพ'!M3 -> 9 | C23: ='กฟจ สพ'!M4 -> 57 | D23: ='กฟจ สพ'!M5 -> 0 | E23: ='กฟจ สพ'!M6 -> 31 | F23: ='กฟจ สพ'!M7 -> 1 | G23: ='กฟจ สพ'!M8 -> 29 | H23: ='กฟจ สพ'!M9 -> 0 | I23: ='กฟจ สพ'!M11 -> 3 | J23: ='กฟจ สพ'!M12 -> 0 | K23: ='กฟจ สพ'!M13 -> 0 | L23: ='กฟจ สพ'!M14 -> 87 | M23: =SUM(B23:L23) -> 217 | T23: น.2 | U23: 196 | V23: 836 | W23: 1032 | X23: =U23/W23*100 -> 18.992248 | Y23: =_xlfn.RANK.AVG(X23,X$21:X$34) -> 12
A24: กฟอ.อู่ทอง | B24: ='กฟอ อู่ทอง'!M3 -> 6 | C24: ='กฟอ อู่ทอง'!M4 -> 43 | D24: ='กฟอ อู่ทอง'!M5 -> 0 | E24: ='กฟอ อู่ทอง'!M6 -> 4 | F24: ='กฟอ อู่ทอง'!M7 -> 13 | G24: ='กฟอ อู่ทอง'!M8 -> 14 | H24: ='กฟอ อู่ทอง'!M9 -> 0 | I24: ='กฟอ อู่ทอง'!M11 -> 7 | J24: ='กฟอ อู่ทอง'!M12 -> 0 | K24: ='กฟอ อู่ทอง'!M13 -> 0 | L24: ='กฟอ อู่ทอง'!M14 -> 25 | M24: =SUM(B24:L24) -> 112 | T24: น.3 | U24: 219 | V24: 432 | W24: 651 | X24: =U24/W24*100 -> 33.640553 | Y24: =_xlfn.RANK.AVG(X24,X$21:X$34) -> 7
A25: กฟอ.เดิมบาง | B25: ='กฟส เดิมบาง'!M3 -> 0 | C25: ='กฟส เดิมบาง'!M4 -> 38 | D25: ='กฟส เดิมบาง'!M5 -> 1 | E25: ='กฟส เดิมบาง'!M6 -> 3 | F25: ='กฟส เดิมบาง'!M7 -> 1 | G25: ='กฟส เดิมบาง'!M8 -> 8 | H25: ='กฟส เดิมบาง'!M9 -> 0 | I25: ='กฟส เดิมบาง'!M11 -> 0 | J25: ='กฟส เดิมบาง'!M12 -> 0 | K25: ='กฟส เดิมบาง'!M13 -> 1 | L25: ='กฟส เดิมบาง'!M14 -> 28 | M25: =SUM(B25:L25) -> 80 | T25: ฉ.1 | U25: 277 | V25: 671 | W25: 948 | X25: =U25/W25*100 -> 29.219409 | Y25: =_xlfn.RANK.AVG(X25,X$21:X$34) -> 8
A26: รวม สังกัด กฟฟ จ.สุพรรณบุรี | B26: =SUM(B23:B25) -> 15 | C26: =SUM(C23:C25) -> 138 | D26: =SUM(D23:D25) -> 1 | E26: =SUM(E23:E25) -> 38 | F26: =SUM(F23:F25) -> 15 | G26: =SUM(G23:G25) -> 51 | H26: =SUM(H23:H25) -> 0 | I26: =SUM(I23:I25) -> 10 | ... L26: =SUM(L23:L25) -> 140 | M26: =SUM(B26:L26) -> 409 | T26: ฉ.2 | U26: 233 | V26: 691 | W26: 924 | X26: =U26/W26*100 -> 25.21645 | Y26: =_xlfn.RANK.AVG(X26,X$21:X$34) -> 11
B27: รอตรวจสอบแบบคำขอ | C27: ยกเลิก | D27: รอผู้ยื่นคำขอส่งเอกสารแก้ไข | E27: รอชำระเงิน | F27: รออนุมัติเชื่อมต่อ/รับพิจารณา | G27: รอดำเนินการหลังอนุมัติเชื่อมต่อ/รับพิจารณา | H27: รอแก้ไขเอกสารหลังอนุมัติเชื่อมต่อ / รับพิจารณา | I27: รอตรวจสอบระบบผลิต | J27: รอทดสอบเชื่อมต่อ | K27: รออนุมัติแจ้งวันเริ่มเชื่อมต่อ | L27: เชื่อมต่อเรียบร้อยแล้ว | M27: รวม | T27: ฉ.3 | U27: 613 | V27: 410 | W27: 1023 | X27: =U27/W27*100 -> 59.921799 | Y27: =_xlfn.RANK.AVG(X27,X$21:X$34) -> 1
A28: รวม กฟฟ | B28: =B9+B16+B21+B26 -> 111 | C28: =C9+C16+C21+C26 -> 1142 | D28: =D9+D16+D21+D26 -> 7 | E28: =E9+E16+E21+E26 -> 143 | F28: =F9+F16+F21+F26 -> 46 | G28: =G9+G16+G21+G26 -> 143 | H28: =H9+H16+H21+H26 -> 15 | I28: =I9+I16+I21+I26 -> 59 | ... M28: =M9+M16+M21+M26 -> 2480 | T28: ก.1 | U28: 593 | V28: 1652 | W28: 2245 | X28: =U28/W28*100 -> 26.414254 | Y28: =_xlfn.RANK.AVG(X28,X$21:X$34) -> 10
B29: รอตรวจสอบแบบคำขอ | C29: ยกเลิก | D29: รอผู้ยื่นคำขอส่งเอกสารแก้ไข | E29: รอชำระเงิน | F29: รออนุมัติเชื่อมต่อ/รับพิจารณา | G29: รอดำเนินการหลังอนุมัติเชื่อมต่อ/รับพิจารณา | H29: รอแก้ไขเอกสารหลังอนุมัติเชื่อมต่อ / รับพิจารณา | I29: รออนุมัติเชื่อมต่อ (200 kW ขึ้นไป) | J29: รอตรวจสอบระบบผลิต | K29: รอทดสอบเชื่อมต่อ | L29: รออนุมัติแจ้งวันเริ่มเชื่อมต่อ | M29: เชื่อมต่อเรียบร้อยแล้ว | N29: รวม | O29: เว้นยกเลิก | P29: % เชื่อมต่อแล้วเสร็จ | T29: ก.2 | U29: 814 | V29: 1404 | W29: 2218 | X29: =U29/W29*100 -> 36.699729 | Y29: =_xlfn.RANK.AVG(X29,X$21:X$34) -> 5
A30: กวว. | B30: =กวว.!M3 -> 71 | C30: =กวว.!M4 -> 1778 | D30: =กวว.!M5 -> 18 | E30: =กวว.!M6 -> 96 | F30: =กวว.!M7 -> 0 | G30: =กวว.!M8 -> 73 | H30: =กวว.!M9 -> 79 | I30: =กวว.!M10 -> 0 | J30: =กวว.!M11 -> 259 | K30: =กวว.!M12 -> 7 | L30: =กวว.!M13 -> 0 | M30: =กวว.!M14 -> 301 | N30: =SUM(B30:M30) -> 2682 | O30: =N30-C30 -> 904 | P30: =M30/O30*100 -> 33.29646 | T30: ก.3 | U30: 537 | V30: 948 | W30: 1485 | X30: =U30/W30*100 -> 36.161616 | Y30: =_xlfn.RANK.AVG(X30,X$21:X$34) -> 6
T31: ต.1 | U31: 338 | V31: 363 | W31: 701 | X31: =U31/W31*100 -> 48.216833 | Y31: =_xlfn.RANK.AVG(X31,X$21:X$34) -> 3
T32: ต.2 | U32: 184 | V32: 453 | W32: 637 | X32: =U32/W32*100 -> 28.8854 | Y32: =_xlfn.RANK.AVG(X32,X$21:X$34) -> 9
T33: ต.3 | U33: 154 | V33: 252 | W33: 406 | X33: =U33/W33*100 -> 37.931034 | Y33: =_xlfn.RANK.AVG(X33,X$21:X$34) -> 4
T34: n/a | U34: 0 | V34: 11 | W34: 11 | X34: =U34/W34*100 -> 0 | Y34: =_xlfn.RANK.AVG(X34,X$21:X$34) -> 14

Sheet กวว.
A1: เลขที่คำขอ | B1: หมายเลข CA | C1: ชื่อผู้ใช้ไฟฟ้า | D1: วันที่ยื่นคำขอ | E1: วันที่ยื่นแก้ไขคำขอ | F1: กำลังการผลิต (kW) | G1: วันที่ชำระเงิน | H1: สถานะคำขอ | J1: พื้นที่ กฟฟ.
A2: PPIM18500014 | B2: 20025324026 | C2: นายณัฐพล ลีลากนก | D2: 45306.672 | E2: - | F2: 40 | G2: - | H2: ยกเลิก | I2: - | J2: กฟก.3 | L2: รวม | M2: =COUNT(B:B) -> 2682 | N2: ราย
A3: PPIM18500045 | B3: 20022269044 | C3: ชัยณรงค์ ภู่วาว | D3: 45308.427 | E3: - | F3: 30 | G3: - | H3: ยกเลิก | I3: - | J3: กฟก.3 | L3: รอตรวจสอบคำขอ | M3: =COUNTIF(H:H,"รอตรวจสอบคำขอ") -> 71 | N3: ราย
A4: PPIM1850005F | B4: 20018950093 | C4: บริษัท ที.ซี. ยูเนียน อโกรเทค จำกัด | D4: 45308.674 | E4: - | F4: 180 | G4: - | H4: ยกเลิก | I4: - | J4: กฟก.3 | L4: ยกเลิก | M4: =COUNTIF(H:H,"ยกเลิก") -> 1778 | N4: ราย
A5: PPIM18500076 | B5: 20022056496 | C5: บริษัท ปตท. น้ำมันและการค้าปลีก จำกัด (มหาชน) | D5: 45309.58 | E5: - | F5: 20 | G5: - | H5: ยกเลิก | I5: - | J5: กฟก.3 | L5: รอผู้ยื่นคำขอส่งเอกสารแก้ไข | M5: =COUNTIF(H:H,"รอผู้ยื่นคำขอส่งเอกสารแก้ไข") -> 18 | N5: ราย
A6: PPIM185000C0 | B6: 20021080228 | C6: นายปิยะมิตร ศรีสว่าง | D6: 45313.462 | E6: - | F6: 30 | G6: - | H6: ยกเลิก | I6: - | J6: กฟก.3 | L6: รอชำระเงิน | M6: =COUNTIF(H:H,"รอชำระเงิน") -> 96 | N6: ราย | O6: (รวม รอ หผ / อก / ผจก อนุมัติ ด้วย)
A7: PPIM185000D8 | B7: 20017188779 | C7: นาย เอกพจน์ เกิดดอนแฝก | D7: 45313.824 | E7: - | F7: 100 | G7: - | H7: ยกเลิก | I7: - | J7: กฟก.3 | L7: รออนุมัติเชื่อมต่อ/รับพิจารณา | M7: =COUNTIF(H:H,"รออนุมัติเชื่อมต่อ/รับพิจารณา")+COUNTIF(H:H,"รอ หผ. อนุมัติ")+COUNTIF(H:H,"รอ ผจก./อก. อนุมัติ") -> 0 | N7: ราย
A8: PPIM185000FF | B8: 20003142103 | C8: บริษัท สยามฟริท จำกัด | D8: 45314.624 | E8: - | F8: 175 | G8: - | H8: ยกเลิก | I8: - | J8: กฟก.3 | L8: รอดำเนินการหลังอนุมัติเชื่อมต่อ / รับพิจารณา | M8: =COUNTIF(H:H,"รอดำเนินการหลังอนุมัติเชื่อมต่อ / รับพิจารณา") -> 73 | N8: ราย
A9: PPIM18500122 | B9: 20003126379 | C9: บริษัท มหาชัย โฟรเซ่น ฟู้ดส์ จำกัด | D9: 45315.497 | E9: - | F9: 625 | G9: - | H9: ยกเลิก | I9: - | J9: กฟก.3 | L9: รอแก้ไขเอกสารหลังอนุมัติเชื่อมต่อ / รับพิจารณา | M9: =COUNTIF(H:H,"รอแก้ไขเอกสารหลังอนุมัติเชื่อมต่อ / รับพิจารณา") -> 79 | N9: ราย
A10: PPIM1850012B | B10: 89302002346 | C10: บริษัท เกรทฮิลล์ ฟู้ดส์ จำกัด | D10: 45315.589 | E10: - | F10: 300 | G10: - | H10: ยกเลิก | I10: - | J10: กฟก.3 | L10: รออนุมัติเชื่อมต่อ (200 kW ขึ้นไป) | M10: =COUNTIF(H:H,"รออนุมัติเชื่อมต่อ (200 kW ขึ้นไป)") -> 0 | N10: ราย
A11: PPIM18500136 | B11: 20025562782 | C11: นาง นราทิพย์ รู้ทวีผล | D11: 45315.636 | E11: - | F11: 25 | G11: - | H11: ยกเลิก | I11: - | J11: กฟก.3 | L11: รอตรวจสอบระบบผลิต | M11: =COUNTIF(H:H,"รอตรวจสอบระบบผลิต") -> 259 | N11: ราย
A12: PPIM1850013C | B12: 20003286438 | C12: บริษัท เอ็นจีเอ็ม อินดัสเตรียล จำกัด | D12: 45315.653 | E12: - | F12: 320 | G12: - | H12: ยกเลิก | I12: - | J12: กฟก.3 | L12: รอทดสอบเชื่อมต่อ | M12: =COUNTIF(H:H,"รอทดสอบเชื่อมต่อ") -> 7 | N12: ราย
A13: PPIM18500153 | B13: 9626478 | C13: น.ส.นัดทิพร ทับทอง | D13: 45316.468 | E13: - | F13: 200 | G13: - | H13: ยกเลิก | I13: - | J13: กฟก.3 | L13: รออนุมัติแจ้งวันเริ่มเชื่อมต่อ | M13: =COUNTIF(H:H,"รออนุมัติแจ้งวันเริ่มเชื่อมต่อ") -> 0 | N13: ราย
A14: PPIM18500163 | B14: 20003553708 | C14: สุวรรณ ธรรมาภิรักษ์ (บุญค้ำ โคนันท์) | D14: 45316.685 | E14: - | F14: 20 | G14: - | H14: ยกเลิก | I14: - | J14: กฟก.3 | L14: เชื่อมต่อเรียบร้อยแล้ว | M14: =COUNTIF(H:H,"เชื่อมต่อเรียบร้อยแล้ว") -> 301 | N14: ราย
A15: PPIM18500192 | B15: 20019789166 | C15: การไฟฟ้าส่วนภูมิภาคโคกขาม | D15: 45317.615 | E15: - | F15: 10 | G15: - | H15: ยกเลิก | I15: - | J15: กฟก.3
A16: PPIM185001A0 | B16: 20024804571 | C16: บริษัท ฉั่วฮะเส็ง ฟู้ดโปรดักส์ จำกัด | D16: 45317.7 | E16: - | F16: 20 | G16: - | H16: ยกเลิก | I16: - | J16: กฟก.3
A17: PPIM185001A6 | B17: 20003489829 | C17: บริษัท เอช.เค.ฟาร์มาซูติคอล จำกัด | D17: 45317.82 | E17: - | F17: 900 | G17: - | H17: ยกเลิก | I17: - | J17: กฟก.3
A18: PPIM185001B6 | B18: 20027112512 | C18: บริษัท สี่มิตรมหาชัย จำกัด | D18: 45318.64 | E18: - | F18: 10 | G18: - | H18: ยกเลิก | I18: - | J18: กฟก.3
A19: PPIM185001B7 | B19: 20003376856 | C19: บริษัท ปิยะมิตร มอเตอร์ จำกัด | D19: 45318.656 | E19: - | F19: 10 | G19: - | H19: ยกเลิก | I19: - | J19: กฟก.3
A20: PPIM185001C9 | B20: 20023705237 | C20: บริษัท ที.ซี.โพลีเวิร์ค จำกัด | D20: 45319.567 | E20: - | F20: 90 | G20: - | H20: ยกเลิก | I20: - | J20: กฟก.3
A21: PPIM185001CF | B21: 20003338223 | C21: บริษัท น้ำมันพืชไทย จำกัด (มหาชน) | D21: 45319.808 | E21: - | F21: 800 | G21: - | H21: ยกเลิก | I21: - | J21: กฟก.3
A22: PPIM185001EC | B22: 20020899563 | C22: บริษัท เอ็นจีเอ็ม-เอ็กซ์ จำกัด | D22: 45320.616 | E22: - | F22: 150 | G22: - | H22: ยกเลิก | I22: - | J22: กฟก.3
A23: PPIM185001F3 | B23: 20021417694 | C23: บริษัท นครยนต์ออโต้ซาวด์ 2560 จำกัด | D23: 45320.64 | E23: - | F23: 20 | G23: - | H23: ยกเลิก | I23: - | J23: กฟก.3
A24: PPIM1850020E | B24: 20017422499 | C24: นายวัชชา เกศวยุธ | D24: 45321.506 | E24: - | F24: 15 | G24: - | H24: ยกเลิก | I24: - | J24: กฟก.3
A25: PPIM18500229 | B25: 20026569497 | C25: บริษัท เด่นชัยการเคหะและที่ดิน จำกัด | D25: 45321.737 | E25: - | F25: 5 | G25: - | H25: ยกเลิก | I25: - | J25: กฟก.3
A26: PPIM1850022B | B26: 20026848221 | C26: บริษัท เด่นชัยการเคหะและที่ดิน จำกัด | D26: 45321.753 | E26: - | F26: 5 | G26: - | H26: ยกเลิก | I26: - | J26: กฟก.3
... A79: PPIM18500716 | B79: 20003409011 | C79: บริษัท รอยัล ยูนิเวอร์แซลเลซ จำกัด | D79: 45352.66 | E79: - | F79: 225 | G79: - | H79: ยกเลิก | I79: - | J79: กฟก.3
A80: PPIM18500719 | B80: 20027016386 | C80: บริษัท ซี.เจ. เอ็กซ์เพรส กรุ๊ป จำกัด | D80: 45352.682 | E80: - | F80: 30 | G80: 45533.471 | H80: รอดำเนินการหลังอนุมัติเชื่อมต่อ / รับพิจารณา | I80: - | J80: กฟก.3
A81: PPIM1850071A | B81: 20003408982 | C81: บริษัท รอยัล ยูนิเวอร์แซลเลซ จำกัด | D81: 45352.682 | E81: - | F81: 125 | G81: - | H81: ยกเลิก | I81: - | J81: กฟก.3
A82: PPIM18500727 | B82: 20018128165 | C82: บริษัท ไซเบอร์พริ้นท์กรุ๊ป จำกัด | D82: 45353.404 | E82: - | F82: 810 | G82: - | H82: ยกเลิก | I82: - | J82: กฟก.3
A83: PPIM18500733 | B83: 20021686238 | C83: บริษัท เมตตาภัทรวัสดภัณฑ์ จำกัด | D83: 45353.716 | E83: - | F83: 40 | G83: - | H83: ยกเลิก | I83: - | J83: กฟก.3
A84: PPIM18500738 | B84: 20026091278 | C84: บริษัท ไดนาสตี้ เซรามิค จำกัด (มหาชน) | D84: 45354.621 | E84: - | F84: 60 | G84: - | H84: ยกเลิก | I84: - | J84: กฟก.3
A85: PPIM1850073A | B85: 20026091278 | C85: บริษัท ไดนาสตี้ เซรามิค จำกัด (มหาชน) | D85: 45354.652 | E85: - | F85: 60 | G85: - | H85: ยกเลิก | I85: - | J85: กฟก.3
A86: PPIM1850073B | B86: 20026091278 | C86: บริษัท ไดนาสตี้ เซรามิค จำกัด(มหาชน) (สาขากาญจนบุรี) | D86: 45354.662 | E86: - | F86: 60 | G86: - | H86: ยกเลิก | I86: - | J86: กฟก.3
A87: PPIM18500741 | B87: 20020345333 | C87: บริษัท วี.อาร์.ทอยส์ จำกัด | D87: 45354.95 | E87: - | F87: 96 | G87: - | H87: ยกเลิก | I87: - | J87: กฟก.3
A88: PPIM18500750 | B88: 20026299076 | C88: บริษัท ดี-แลนด์ พร็อพเพอร์ตี้ จำกัด | D88: 45355.512 | E88: - | F88: 300 | G88: - | H88: ยกเลิก | I88: - | J88: กฟก.3
A89: PPIM18500779 | B89: 20026891697 | C89: นาย ธัญญ์นิธิ รู้ขายวงศ์เจริญ | D89: 45356.399 | E89: - | F89: 20 | G89: - | H89: ยกเลิก | I89: - | J89: กฟก.3
A90: PPIM185007A9 | B90: 200025025237 | C90: บริษัทกลุ่ม 15 จำกัด | D90: 45357.474 | E90: - | F90: 20 | G90: - | H90: ยกเลิก | I90: - | J90: กฟก.3
A91: PPIM185007C2 | B91: 20003480861 | C91: บริษัท สยามโพลีเน็ต จำกัด | D91: 45357.933 | E91: - | F91: 500 | G91: - | H91: ยกเลิก | I91: - | J91: กฟก.3
A92: PPIM185007D2 | B92: 20019001115 | C92: บริษัท นิวสตาร์ โฟรเซ่นฟู้ดส์(ไทยแลนด์) จำกัด | D92: 45358.465 | E92: - | F92: 331.2 | G92: - | H92: ยกเลิก | I92: - | J92: กฟก.3
... A122: PPIM18500A2B | B122: 20023782118 | C122: นาย วิรัช ชาญพานิชย์ | D122: 45373.418 | E122: - | F122: 4.6 | G122: - | H122: ยกเลิก | I122: - | J122: กฟก.3
A123: PPIM18500198 | B123: 20026819749 | C123: นายสิทธิชัย เนตรประดิษฐ์ | D123: 45317.634 | E123: 45373.658 | F123: 15 | G123: - | H123: ยกเลิก | I123: - | J123: กฟก.3
A124: PPIM18500050 | B124: 20025749189 | C124: บริษัท ส. แสงทอง การช่าง จำกัด | D124: 45308.552 | E124: 45374.425 | F124: 15 | G124: - | H124: ยกเลิก | I124: - | J124: กฟก.3
A125: PPIM18500A78 | B125: 980202000347 | C125: บริษัท บางกอกโรลเลอร์ จำกัด | D125: 45374.558 | E125: - | F125: 567 | G125: - | H125: ยกเลิก | I125: - | J125: กฟก.3
A126: PPIM18500AAE | B126: 20025452895 | C126: บริษัท วรรณวนัช เบเกอรี่ จำกัด | D126: 45376.602 | E126: - | F126: 250 | G126: - | H126: ยกเลิก | I126: - | J126: กฟก.3
A127: PPIM18500AC5 | B127: 20020924519 | C127: บริษัท เชลล์แห่งประเทศไทย จำกัด | D127: 45376.732 | E127: - | F127: 27 | G127: - | H127: ยกเลิก | I127: - | J127: กฟก.3
A128: PPIM18500AC9 | B128: 20025912302 | C128: นางสาวคนึง นาคใหม่ | D128: 45376.88 | E128: - | F128: 30 | G128: - | H128: ยกเลิก | I128: - | J128: กฟก.3
A129: PPIM18500AFF | B129: 20003006868 | C129: บริษัท ออโตแพค จำกัด | D129: 45378.603 | E129: - | F129: 30 | G129: - | H129: ยกเลิก | I129: - | J129: กฟก.3
A130: PPIM18500B00 | B130: 20019647602 | C130: นายถิรเดช โรจนภัทรากุล | D130: 45378.603 | E130: - | F130: 190 | G130: - | H130: ยกเลิก | I130: - | J130: กฟก.3
A131: PPIM18500B27 | B131: 20025105256 | C131: บริษัท ซินเซียร์ เฟรช ฟู้ด จำกัด | D131: 45379.491 | E131: - | F131: 50 | G131: - | H131: ยกเลิก | I131: - | J131: กฟก.3
A132: PPIM18500BDA | B132: 20018122147 | C132: บริษัท เค.เอช.ไอ. อุตสาหกรรม จำกัด | D132: 45384.738 | E132: - | F132: 400 | G132: - | H132: ยกเลิก | I132: - | J132: กฟก.3
A133: PPIM18500BDC | B133: 20027127200 | C133: บริษัท ปตท. น้ำมันและการค้าปลีก จำกัด (มหาชน) (สาขาสุพรรณบุรี) | D133: 45384.747 | E133: - | F133: 50 | G133: - | H133: ยกเลิก | I133: - | J133: กฟก.3
A134: PPIM18500C06 | B134: 200022459079 | C134: บริษัท ออกานิกส์ คอสเม่ จำกัด | D134: 45385.676 | E134: - | F134: 110 | G134: - | H134: ยกเลิก | I134: - | J134: กฟก.3
A135: PPIM18500C1D | B135: 20003203963 | C135: บริษัท ที.ซี. ยูเนียน อโกรเทค จำกัด | D135: 45386.428 | E135: - | F135: 390 | G135: - | H135: ยกเลิก | I135: - | J135: กฟก.3
A136: PPIM18500C38 | B136: 20003000058 | C136: บริษัท ข้าว ซี.พี. จำกัด | D136: 45386.651 | E136: - | F136: 800 | G136: - | H136: ยกเลิก | I136: - | J136: กฟก.3
... A155: PPIM18500F16 | B155: 20003477724 | C155: บริษัท อุตสาหกรรมทวีวงษ์ จำกัด | D155: 45411.584 | E155: - | F155: 175 | G155: - | H155: ยกเลิก | I155: - | J155: กฟก.3
A156: PPIM185004F3 | B156: 20025617599 | C156: บริษัท ไอเฮิร์บ แมนูแฟคเจอริ่ง จำกัด | D156: 45338.504 | E156: 45412.46 | F156: 100 | G156: - | H156: ยกเลิก | I156: - | J156: กฟก.3
A157: PPIM18500F99 | B157: 20003338223 | C157: บริษัท น้ำมันพืชไทย จำกัด (มหาชน) | D157: 45414.541 | E157: - | F157: 1000 | G157: - | H157: ยกเลิก | I157: - | J157: กฟก.3
A158: PPIM18500FD4 | B158: 20003477698 | C158: บริษัท อุตสาหกรรมทวีวงษ์ จำกัด | D158: 45415.429 | E158: - | F158: 375 | G158: - | H158: ยกเลิก | I158: - | J158: กฟก.3
A159: PPIM18500FDB | B159: 20003477634 | C159: บริษัท อุตสาหกรรมทวีวงษ์ จำกัด | D159: 45415.496 | E159: - | F159: 800 | G159: - | H159: ยกเลิก | I159: - | J159: กฟก.3
A160: PPIM18501049 | B160: 20017813525 | C160: บริษัท ซี.เจ. เอ็กซ์เพรส กรุ๊ป จำกัด | D160: 45419.399 | E160: - | F160: 30 | G160: - | H160: ยกเลิก | I160: - | J160: กฟก.3
A161: PPIM1850104B | B161: 20018036065 | C161: บริษัท ซี.เจ. เอ็กซ์เพรส กรุ๊ป จำกัด | D161: 45419.428 | E161: - | F161: 30 | G161: - | H161: ยกเลิก | I161: - | J161: กฟก.3
A162: PPIM18501050 | B162: 20016786738 | C162: บริษัท ซี.เจ. เอ็กซ์เพรส กรุ๊ป จำกัด | D162: 45419.466 | E162: - | F162: 30 | G162: - | H162: ยกเลิก | I162: - | J162: กฟก.3
A163: PPIM18501053 | B163: 20017791581 | C163: บริษัท ซี.เจ. เอ็กซ์เพรส กรุ๊ป จำกัด | D163: 45419.491 | E163: - | F163: 30 | G163: - | H163: ยกเลิก | I163: - | J163: กฟก.3
A164: PPIM18501056 | B164: 20023552880 | C164: บริษัท ซี.เจ. เอ็กซ์เพรส กรุ๊ป จำกัด | D164: 45419.532 | E164: - | F164: 30 | G164: - | H164: ยกเลิก | I164: - | J164: กฟก.3
A165: PPIM18501060 | B165: 20003181954 | C165: บริษัท ไทยโมเดอร์นเคส จำกัด | D165: 45419.646 | E165: - | F165: 100 | G165: - | H165: ยกเลิก | I165: - | J165: กฟก.3
A166: PPIM1850108A | B166: 20017211154 | C166: บริษัท ซี.เจ. เอ็กซ์เพรส กรุ๊ป จำกัด | D166: 45420.448 | E166: - | F166: 30 | G166: - | H166: ยกเลิก | I166: - | J166: กฟก.3
A167: PPIM18501093 | B167: 20010793516 | C167: บริษัท ซี.เจ. เอ็กซ์เพรส กรุ๊ป จำกัด | D167: 45420.511 | E167: - | F167: 30 | G167: - | H167: ยกเลิก | I167: - | J167: กฟก.3
A168: PPIM18501098 | B168: 20017968105 | C168: บริษัท ซี.เจ. เอ็กซ์เพรส กรุ๊ป จำกัด | D168: 45420.541 | E168: - | F168: 30 | G168: - | H168: ยกเลิก | I168: - | J168: กฟก.3
... A179: PPIM1850116B | B179: 9626478 | C179: บริษัท สมาร์ท เทค อินดัสตรี่ จำกัด | D179: 45425.678 | E179: - | F179: 200 | G179: - | H179: ยกเลิก | I179: - | J179: กฟก.3
A180: PPIM18500222 | B180: 20003388100 | C180: บริษัท อุตสาหกรรมมิตรเกษตร จำกัด | D180: 45321.656 | E180: 45426.405 | F180: 50 | G180: - | H180: ยกเลิก | I180: - | J180: กฟก.3
A181: PPIM1850117C | B181: 20002916375 | C181: บริษัท โรงพยาบาลเทพากร จำกัด | D181: 45426.454 | E181: - | F181: 175 | G181: - | H181: ยกเลิก | I181: - | J181: กฟก.3
A182: PPIM18501180 | B182: 20018008612 | C182: บริษัท ซี.เจ. เอ็กซ์เพรส กรุ๊ป จำกัด | D182: 45426.485 | E182: - | F182: 30 | G182: - | H182: ยกเลิก | I182: - | J182: กฟก.3
A183: PPIM18501181 | B183: 20017839731 | C183: บริษัท ซี.เจ. เอ็กซ์เพรส กรุ๊ป จำกัด | D183: 45426.5 | E183: - | F183: 30 | G183: - | H183: ยกเลิก | I183: - | J183: กฟก.3
A184: PPIM18501182 | B184: 20021566359 | C184: บริษัท ซี.เจ. เอ็กซ์เพรส กรุ๊ป จำกัด | D184: 45426.531 | E184: - | F184: 30 | G184: - | H184: ยกเลิก | I184: - | J184: กฟก.3
A185: PPIM18501187 | B185: 20017816913 | C185: บริษัท ซี.เจ. เอ็กซ์เพรส กรุ๊ป จำกัด | D185: 45426.561 | E185: - | F185: 30 | G185: - | H185: ยกเลิก | I185: - | J185: กฟก.3
A186: PPIM1850118A | B186: 20017935226 | C186: บริษัท ซี.เจ. เอ็กซ์เพรส กรุ๊ป จำกัด | D186: 45426.581 | E186: - | F186: 30 | G186: - | H186: ยกเลิก | I186: - | J186: กฟก.3
A187: PPIM18501198 | B187: 20017734385 | C187: บริษัท ซี.เจ. เอ็กซ์เพรส กรุ๊ป จำกัด | D187: 45426.646 | E187: - | F187: 30 | G187: - | H187: ยกเลิก | I187: - | J187: กฟก.3
A188: PPIM185011A4 | B188: 20018079322 | C188: บริษัท ซี.เจ. เอ็กซ์เพรส กรุ๊ป จำกัด | D188: 45426.688 | E188: - | F188: 30 | G188: - | H188: ยกเลิก | I188: - | J188: กฟก.3
A189: PPIM185011AA | B189: 20016659768 | C189: บริษัท ซี.เจ. เอ็กซ์เพรส กรุ๊ป จำกัด | D189: 45426.708 | E189: - | F189: 30 | G189: - | H189: ยกเลิก | I189: - | J189: กฟก.3
A190: PPIM185000FE | B190: 20002904209 | C190: บริษัท มหาชัย มารีนฟู้ดส์ จำกัด | D190: 45314.622 | E190: 45427.378 | F190: 875 | G190: - | H190: ยกเลิก | I190: - | J190: กฟก.3
A191: PPIM18500736 | B191: 20003635511 | C191: น.ส.กรกมล แซ่ว่อง | D191: 45354.498 | E191: 45427.616 | F191: 30 | G191: - | H191: ยกเลิก | I191: - | J191: กฟก.3
A192: PPIM185011D4 | B192: 20003126926 | C192: บริษัท พาฝัน เท็กซ์ไทล์ จำกัด | D192: 45427.669 | E192: - | F192: 950 | G192: - | H192: ยกเลิก | I192: - | J192: กฟก.3
A193: PPIM1850047C | B193: 20018516912 | C193: นาย สมชาติ ภูมิชัยสุวรรณ์ | D193: 45336.041 | E193: 45427.716 | F193: 70 | G193: - | H193: ยกเลิก | I193: - | J193: กฟก.3
A194: PPIM185011DB | B194: 20003273288 | C194: บริษัท แฟชั่น โฮมเท็กซ์ จำกัด | D194: 45427.745 | E194: - | F194: 375 | G194: - | H194: ยกเลิก | I194: - | J194: กฟก.3
A195: PPIM185011DD | B195: 20003273288 | C195: บริษัท แฟชั่น โฮมเท็กซ์ จำกัด | D195: 45427.754 | E195: - | F195: 375 | G195: - | H195: ยกเลิก | I195: - | J195: กฟก.3
A196: PPIM185011E9 | B196: 20003126926 | C196: บริษัท พาฝัน เท็กซ์ไทล์ จำกัด | D196: 45428.45 | E196: - | F196: 950 | G196: - | H196: ยกเลิก | I196: - | J196: กฟก.3
A197: PPIM1850042F | B197: 20021933251 | C197: นายชำนาญ อินทร์ใจเอื้อ | D197: 45334.509 | E197: 45428.665 | F197: 20 | G197: - | H197: ยกเลิก | I197: - | J197: กฟก.3
A198: PPIM1850122F | B198: 20003173288 | C198: บริษัท แฟชั่น โฮมเท็กซ์ จำกัด | D198: 45429.608 | E198: - | F198: 375 | G198: - | H198: ยกเลิก | I198: - | J198: กฟก.3
A199: PPIM18501251 | B199: 20017734373 | C199: บริษัท โปรไลเนอร์ จำกัด | D199: 45430.461 | E199: - | F199: 108 | G199: - | H199: ยกเลิก | I199: - | J199: กฟก.3
A200: PPIM18501268 | B200: 20018878255 | C200: บริษัท บิ๊กสตาร์ จำกัด | D200: 45430.933 | E200: - | F200: 120 | G200: - | H200: ยกเลิก | I200: - | J200: กฟก.3
A201: PPIM185012DD | B201: 20002776554 | C201: บริษัท เอก-ชัย ดิสทริบิวชั่น ซิสเทม จำกัด | D201: 45432.852 | E201: - | F201: 700 | G201: - | H201: ยกเลิก | I201: - | J201: กฟก.3
A202: PPIM185012FA | B202: 20020092367 | C202: บริษัท เอ เอ็ม แอล รอว์แมททีเรียล จำกัด | D202: 45433.456 | E202: - | F202: 750 | G202: - | H202: ยกเลิก | I202: - | J202: กฟก.3
A203: PPIM18501303 | B203: 20020682670 | C203: บริษัท ซ้อใหญ่ จำกัด | D203: 45433.572 | E203: - | F203: 180 | G203: - | H203: ยกเลิก | I203: - | J203: กฟก.3
A204: PPIM1850130D | B204: 20003116041 | C204: บริษัท บีทาเก้น จำกัด | D204: 45433.637 | E204: - | F204: 650 | G204: - | H204: ยกเลิก | I204: - | J204: กฟก.3
A205: PPIM1850131A | B205: 20003478268 | C205: บริษัท ศรีไทยบรรจุภัณฑ์ จำกัด | D205: 45433.69 | E205: - | F205: 378 | G205: - | H205: ยกเลิก | I205: - | J205: กฟก.3
A206: PPIM1850132A | B206: 0 | C206: บริษัท พรเจริญ ไอซ์ จำกัด | D206: 45433.965 | E206: - | F206: 50 | G206: - | H206: ยกเลิก | I206: - | J206: กฟก.3
A207: PPIM1850132C | B207: 20021625809 | C207: บริษัท พรเจริญ ไอซ์ จำกัด | D207: 45434.382 | E207: - | F207: 50 | G207: - | H207: ยกเลิก | I207: - | J207: กฟก.3
A208: PPIM18501338 | B208: 20023114635 | C208: บริษัท วิสดอม พร็อพเพอร์ตี้ กรุ๊ป จำกัด | D208: 45434.636 | E208: - | F208: 40 | G208: - | H208: ยกเลิก | I208: - | J208: กฟก.3
A209: PPIM1850016C | B209: 20024121521 | C209: บริษัท ปัญจทรัพย์ไพศาล จำกัด | D209: 45316.713 | E209: 45435.631 | F209: 130 | G209: - | H209: ยกเลิก | I209: - | J209: กฟก.3
...

Sheet กฟจ นฐ
A2: เลขที่คำขอ | B2: หมายเลข CA | C2: ชื่อผู้ใช้ไฟฟ้า | D2: วันที่ยื่นคำขอ | E2: วันที่ยื่นแก้ไขคำขอ | F2: กำลังการผลิต (kW) | G2: วันที่ชำระเงิน | H2: สถานะคำขอ | J2: พื้นที่ กฟฟ. | L2: รวม | M2: =COUNT(B:B) -> 250 | N2: ราย
A3: PPIM185000F3 | B3: 20027163223 | C3: น.ส.ณัฏฐยา โพธิพีรนันท์ | D3: 45314.474 | E3: - | F3: 3 | G3: - | H3: ยกเลิก | I3: - | J3: กฟจ.นครปฐม | L3: รอตรวจสอบคำขอ | M3: =COUNTIF(H:H,"รอตรวจสอบคำขอ") -> 0 | N3: ราย
A4: PPIM185001E7 | B4: 20018116166 | C4: สมชาติ สองสี | D4: 45320.578 | E4: - | F4: 10 | G4: - | H4: ยกเลิก | I4: - | J4: กฟอ.ดอนตูม | L4: ยกเลิก | M4: =COUNTIF(H:H,"ยกเลิก") -> 50 | N4: ราย
A5: PPIM185002C4 | B5: 20023433138 | C5: นายวิชัย งามศิริจิตร | D5: 45325.905 | E5: - | F5: 5 | G5: - | H5: ยกเลิก | I5: - | J5: กฟจ.นครปฐม | L5: รอผู้ยื่นคำขอส่งเอกสารแก้ไข | M5: =COUNTIF(H:H,"รอผู้ยื่นคำขอส่งเอกสารแก้ไข") -> 2 | N5: ราย
A6: PPIM185006BC | B6: 20002853791 | C6: นางทองล้วน สาวทรัพย์ | D6: 45350.705 | E6: - | F6: 10 | G6: - | H6: ยกเลิก | I6: - | J6: กฟจ.นครปฐม | L6: รอชำระเงิน | M6: =COUNTIF(H:H,"รอชำระเงิน") -> 44 | N6: ราย | O6: (รวม รอ หผ / อก / ผจก อนุมัติ ด้วย)
A7: PPIM185007E7 | B7: 20023342451 | C7: นายพรภวิษย์ บุญศรีเรือง | D7: 45358.606 | E7: - | F7: 5 | G7: - | H7: ยกเลิก | I7: - | J7: กฟจ.นครปฐม | L7: รออนุมัติเชื่อมต่อ/รับพิจารณา | M7: =COUNTIF(H:H,"รออนุมัติเชื่อมต่อ/รับพิจารณา")+COUNTIF(H:H,"รอ หผ. อนุมัติ")+COUNTIF(H:H,"รอ ผจก./อก. อนุมัติ") -> 2 | N7: ราย
A8: PPIM1850097B | B8: 20026213318 | C8: นาย อภิชาติ เพชรนุ้ย | D8: 45368.843 | E8: - | F8: 10 | G8: - | H8: ยกเลิก | I8: - | J8: กฟจ.นครปฐม | L8: รอดำเนินการหลังอนุมัติเชื่อมต่อ / รับพิจารณา | M8: =COUNTIF(H:H,"รอดำเนินการหลังอนุมัติเชื่อมต่อ / รับพิจารณา") -> 17 | N8: ราย
A9: PPIM18500AAF | B9: 20027094943 | C9: นาย อรรถพล บุญมี | D9: 45376.603 | E9: - | F9: 10 | G9: - | H9: ยกเลิก | I9: - | J9: กฟจ.นครปฐม | L9: รอแก้ไขเอกสารหลังอนุมัติเชื่อมต่อ / รับพิจารณา | M9: =COUNTIF(H:H,"รอแก้ไขเอกสารหลังอนุมัติเชื่อมต่อ / รับพิจารณา") -> 1 | N9: ราย
A10: PPIM18500B94 | B10: 20017796116 | C10: นางสาวนพรัตน์ ทองกำเหนิด | D10: 45383.608 | E10: - | F10: 3 | G10: - | H10: ยกเลิก | I10: - | J10: กฟจ.นครปฐม | L10: รออนุมัติเชื่อมต่อ (200 kW ขึ้นไป) | M10: =COUNTIF(H:H,"รออนุมัติเชื่อมต่อ (200 kW ขึ้นไป)") -> 0 | N10: ราย
A11: PPIM18500BAD | B11: 20027163223 | C11: น.ส.ณัฏฐยา โพธิพีรนันท์ | D11: 45384.355 | E11: - | F11: 3 | G11: - | H11: ยกเลิก | I11: - | J11: กฟจ.นครปฐม | L11: รอตรวจสอบระบบผลิต | M11: =COUNTIF(H:H,"รอตรวจสอบระบบผลิต") -> 2 | N11: ราย
A12: PPIM18500B7E | B12: 20002676443 | C12: น.ส.มยุลา ขันธสุวรรณ | D12: 45381.749 | E12: 45410.416 | F12: 5 | G12: 45482.36 | H12: เชื่อมต่อเรียบร้อยแล้ว | I12: - | J12: กฟจ.นครปฐม | L12: รอทดสอบเชื่อมต่อ | M12: =COUNTIF(H:H,"รอทดสอบเชื่อมต่อ") -> 0 | N12: ราย
A13: PPIM18500F2F | B13: 20027225860 | C13: นาง นลินภัสร์ คชกิจจารักษ์ | D13: 45411.999 | E13: - | F13: 5 | G13: - | H13: ยกเลิก | I13: - | J13: กฟจ.นครปฐม | L13: รออนุมัติแจ้งวันเริ่มเชื่อมต่อ | M13: =COUNTIF(H:H,"รออนุมัติแจ้งวันเริ่มเชื่อมต่อ") -> 0 | N13: ราย
A14: PPIM18500F62 | B14: 20018116166 | C14: นาย สมชาติ สองสี | D14: 45412.707 | E14: - | F14: 10 | G14: 45827.584 | H14: เชื่อมต่อเรียบร้อยแล้ว | I14: - | J14: กฟอ.ดอนตูม | L14: เชื่อมต่อเรียบร้อยแล้ว | M14: =COUNTIF(H:H,"เชื่อมต่อเรียบร้อยแล้ว") -> 132 | N14: ราย
A15: PPIM1850092C | B15: 20023342451 | C15: พรภวิษย์ บุญศรีเมือง | D15: 45365.684 | E15: 45414.437 | F15: 5 | G15: 45481.449 | H15: เชื่อมต่อเรียบร้อยแล้ว | I15: - | J15: กฟจ.นครปฐม
A16: PPIM18500F95 | B16: 20023593873 | C16: นายภาษภูมิ พุทธไพศาล | D16: 45414.499 | E16: - | F16: 2 | G16: 45471.496 | H16: เชื่อมต่อเรียบร้อยแล้ว | I16: - | J16: กฟจ.นครปฐม
A17: PPIM185001D1 | B17: 20002675170 | C17: นายสาธิต ชุมนุสนธิ์ | D17: 45319.86 | E17: 45418.399 | F17: 5 | G17: - | H17: รอชำระเงิน | I17: - | J17: กฟจ.นครปฐม
A18: PPIM185010C7 | B18: 20024838539 | C18: น.ส.จิตระวี ขุนทอง | D18: 45421.514 | E18: - | F18: 5 | G18: - | H18: ยกเลิก | I18: - | J18: กฟจ.นครปฐม
A19: PPIM185010E4 | B19: 20021611132 | C19: บริษัท อินเตอร์เวชภัณฑ์ จำกัด | D19: 45421.984 | E19: - | F19: 5 | G19: - | H19: ยกเลิก | I19: - | J19: กฟจ.นครปฐม
A20: PPIM18500B78 | B20: 20021378623 | C20: นางเฉลิมวงษ์ บรรจงจิตร์ | D20: 45381.489 | E20: 45427.475 | F20: 10 | G20: 45461.588 | H20: เชื่อมต่อเรียบร้อยแล้ว | I20: - | J20: กฟจ.นครปฐม
A21: PPIM185011CE | B21: 20023435176 | C21: นายถวัลย์ พบลาภ | D21: 45427.64 | E21: - | F21: 5 | G21: - | H21: ยกเลิก | I21: - | J21: กฟจ.นครปฐม
A22: PPIM18500CF3 | B22: 20002943286 | C22: บริษัท ไทยแลนด์ ออโต เซลส์ จำกัด | D22: 45391.877 | E22: 45428.056 | F22: 10 | G22: 45469.607 | H22: เชื่อมต่อเรียบร้อยแล้ว | I22: - | J22: กฟจ.นครปฐม
A23: PPIM1850122D | B23: 20017742076 | C23: นายบุญชู สุขสถาพรเลิศ | D23: 45429.58 | E23: - | F23: 6 | G23: 45842.449 | H23: เชื่อมต่อเรียบร้อยแล้ว | I23: - | J23: กฟอ.ดอนตูม
A24: PPIM18501311 | B24: 20002764424 | C24: นายสมหวัง ฤทธิ์ณรงค์ | D24: 45433.652 | E24: - | F24: 5 | G24: 45483.562 | H24: เชื่อมต่อเรียบร้อยแล้ว | I24: - | J24: กฟจ.นครปฐม
A25: PPIM18501328 | B25: 20023039250 | C25: นายโยธิน ชาวนาวิก | D25: 45433.922 | E25: - | F25: 5 | G25: - | H25: ยกเลิก | I25: - | J25: กฟจ.นครปฐม
A26: PPIM1850111F | B26: 20027094943 | C26: อรรถพล บุญมี | D26: 45423.653 | E26: 45441.472 | F26: 10 | G26: 45464.633 | H26: เชื่อมต่อเรียบร้อยแล้ว | I26: - | J26: กฟจ.นครปฐม
A27: PPIM185014CB | B27: 20002707372 | C27: นายพิศิษฐ ศุภมัสดุอังกูร | D27: 45442.494 | E27: - | F27: 3 | G27: - | H27: ยกเลิก | I27: - | J27: กฟจ.นครปฐม
A28: PPIM18501436 | B28: 20026472842 | C28: บริษัท เชลล์แห่งประเทศไทย จำกัด | D28: 45440.415 | E28: 45442.606 | F28: 16.836 | G28: 45476.653 | H28: เชื่อมต่อเรียบร้อยแล้ว | I28: - | J28: กฟจ.นครปฐม
A29: PPIM18501546 | B29: 20027163223 | C29: น.ส.ณัฏฐยา โพธิพีรนันท์ | D29: 45443.583 | E29: - | F29: 3 | G29: 45463.414 | H29: เชื่อมต่อเรียบร้อยแล้ว | I29: - | J29: กฟจ.นครปฐม
A30: PPIM18501367 | B30: 20002853791 | C30: นางทองล้วน สาวทรัพย์ | D30: 45435.553 | E30: 45447.355 | F30: 10 | G30: 45464.609 | H30: เชื่อมต่อเรียบร้อยแล้ว | I30: - | J30: กฟจ.นครปฐม
A31: PPIM18501437 | B31: 20026980901 | C31: นายจิรภัทร มากบุญงาม | D31: 45440.419 | E31: 45447.475 | F31: 10 | G31: 45462.549 | H31: เชื่อมต่อเรียบร้อยแล้ว | I31: - | J31: กฟจ.นครปฐม
A32: PPIM185015D7 | B32: 20017561720 | C32: นายเจริญชัย คล้ายทวน | D32: 45448.558 | E32: - | F32: 4 | G32: - | H32: ยกเลิก | I32: - | J32: กฟจ.นครปฐม
A33: PPIM185016F2 | B33: 20026070112 | C33: บริษัท เอสพี-วัน พียูรูฟส์ จำกัด | D33: 45453.719 | E33: - | F33: 20 | G33: 45783.469 | H33: เชื่อมต่อเรียบร้อยแล้ว | I33: - | J33: กฟอ.ดอนตูม
A34: PPIM185016F3 | B34: 20026070112 | C34: บริษัท เอสพี-วัน พียูรูฟส์ จำกัด | D34: 45453.727 | E34: - | F34: 20 | G34: - | H34: ยกเลิก | I34: - | J34: กฟอ.ดอนตูม
A35: PPIM18501759 | B35: 20024842226 | C35: สิริชัย นับดี | D35: 45456.419 | E35: - | F35: 20 | G35: 45475.635 | H35: เชื่อมต่อเรียบร้อยแล้ว | I35: - | J35: กฟจ.นครปฐม
A36: PPIM18501835 | B36: 20019867913 | C36: นาย บุญเตี้ยง มั่นคง | D36: 45460.407 | E36: - | F36: 4 | G36: - | H36: ยกเลิก | I36: - | J36: กฟจ.นครปฐม
A37: PPIM18501866 | B37: 20023435716 | C37: นายถวัลย์ พบลาภ | D37: 45460.689 | E37: - | F37: 5 | G37: - | H37: ยกเลิก | I37: - | J37: กฟจ.นครปฐม
A38: PPIM185018EE | B38: 20018355913 | C38: น.ส.เซาะไน้ แซ่ลี้ | D38: 45462.783 | E38: 45465.738 | F38: 5 | G38: 45471.496 | H38: เชื่อมต่อเรียบร้อยแล้ว | I38: - | J38: กฟจ.นครปฐม
A39: PPIM18501A27 | B39: 20002760034 | C39: นาย เสวย แก้วสมบูรณ์ | D39: 45468.603 | E39: - | F39: 10 | G39: 45474.526 | H39: เชื่อมต่อเรียบร้อยแล้ว | I39: - | J39: กฟจ.นครปฐม
A40: PPIM18501A2F | B40: 20002957188 | C40: นายนันทวัช พุทธคุณรักษา | D40: 45468.642 | E40: - | F40: 15 | G40: - | H40: ยกเลิก | I40: - | J40: กฟจ.นครปฐม
A41: PPIM185015F8 | B41: 20027639490 | C41: น.ส.ขนิษฐา บุษบา | D41: 45448.69 | E41: 45468.993 | F41: 4 | G41: - | H41: รอชำระเงิน | I41: - | J41: กฟจ.นครปฐม
A42: PPIM18501AB6 | B42: 20019597536 | C42: นายศักรพงศ์ วุฒาพาณิชย์ | D42: 45470.574 | E42: - | F42: 5 | G42: - | H42: ยกเลิก | I42: - | J42: กฟจ.นครปฐม
A43: PPIM18501981 | B43: 20019725700 | C43: นาง นันทิศา ชาติชาญชัย | D43: 45464.94 | E43: 45471.445 | F43: 8 | G43: - | H43: ยกเลิก | I43: - | J43: กฟจ.นครปฐม
A44: PPIM18501A1C | B44: 20027687432 | C44: นายวิเชษฐ์ โรจนสุกาญจน | D44: 45468.57 | E44: 45475.406 | F44: 10 | G44: 45499.441 | H44: เชื่อมต่อเรียบร้อยแล้ว | I44: - | J44: กฟจ.นครปฐม
A45: PPIM18501BBE | B45: 20017924707 | C45: สุบิน ชิ้นประเสริฐ | D45: 45475.667 | E45: - | F45: 3 | G45: - | H45: ยกเลิก | I45: - | J45: กฟจ.นครปฐม
A46: PPIM18501B47 | B46: 20019597536 | C46: นายศักรพงศ์ วุฒาพาณิชย์ | D46: 45472.825 | E46: 45477.487 | F46: 5 | G46: 45518.576 | H46: เชื่อมต่อเรียบร้อยแล้ว | I46: - | J46: กฟจ.นครปฐม
A47: PPIM18501C39 | B47: 20019867913 | C47: นาย บุญเตี้ยง มั่นคง | D47: 45477.678 | E47: - | F47: 4 | G47: 45503.612 | H47: เชื่อมต่อเรียบร้อยแล้ว | I47: - | J47: กฟจ.นครปฐม
A48: PPIM18501D69 | B48: 20026213318 | C48: นาย อภิชาติ เพชรนุ้ย | D48: 45482.727 | E48: - | F48: 10 | G48: - | H48: ยกเลิก | I48: - | J48: กฟจ.นครปฐม
A49: PPIM18501DD8 | B49: 20002707372 | C49: นาย พิศิษฐ ศุภมัสดุอังกูร | D49: 45484.435 | E49: - | F49: 3 | G49: - | H49: ยกเลิก | I49: - | J49: กฟจ.นครปฐม
A50: PPIM18501E95 | B50: 20020640711 | C50: บริษัท เฮง เฮง ลิสซิ่ง จำกัด | D50: 45486.603 | E50: - | F50: 12 | G50: - | H50: ยกเลิก | I50: - | J50: กฟจ.นครปฐม
A51: PPIM18502034 | B51: 20017561720 | C51: นายเจริญชัย คล้ายทวน | D51: 45492.405 | E51: - | F51: 4 | G51: 45552.621 | H51: เชื่อมต่อเรียบร้อยแล้ว | I51: - | J51: กฟจ.นครปฐม
A52: PPIM18502085 | B52: 20021116167 | C52: น.ส.พุฒนันท์ วรโชติวริทธิ์ธร | D52: 45494.002 | E52: - | F52: 10 | G52: 45545.483 | H52: เชื่อมต่อเรียบร้อยแล้ว | I52: - | J52: กฟจ.นครปฐม
A53: PPIM18501F40 | B53: 20025025237 | C53: บริษัท กลุ่ม 15 จำกัด | D53: 45489.62 | E53: 45497.372 | F53: 20 | G53: 45538.616 | H53: เชื่อมต่อเรียบร้อยแล้ว | I53: - | J53: กฟจ.นครปฐม
A54: PPIM1850225F | B54: 20002779460 | C54: นาง ใหม่ ธรรมรักษา | D54: 45500.707 | E54: - | F54: 5 | G54: - | H54: ยกเลิก | I54: - | J54: กฟจ.นครปฐม
A55: PPIM18501EF8 | B55: 20027151571 | C55: นายนนทรัตน์ หอมศรีประเสริฐ | D55: 45488.683 | E55: 45503.57 | F55: 10 | G55: 45546.517 | H55: เชื่อมต่อเรียบร้อยแล้ว | I55: - | J55: กฟจ.นครปฐม
A56: PPIM185021EA | B56: 20002823172 | C56: ธนาคารออมสิน | D56: 45498.722 | E56: 45503.653 | F56: 10 | G56: 45567.431 | H56: เชื่อมต่อเรียบร้อยแล้ว | I56: - | J56: กฟจ.นครปฐม
A57: PPIM185022C7 | B57: 20002779160 | C57: นางใหม่ ธรรมรักษา | D57: 45503.608 | E57: 45504.399 | F57: 5 | G57: 45567.503 | H57: เชื่อมต่อเรียบร้อยแล้ว | I57: - | J57: กฟจ.นครปฐม
A58: PPIM1850233D | B58: 20024409413 | C58: นาง เฉลียว รุ่งทวีชัย | D58: 45505.681 | E58: - | F58: 6 | G58: 45842.449 | H58: เชื่อมต่อเรียบร้อยแล้ว | I58: - | J58: กฟอ.ดอนตูม
A59: PPIM185023B2 | B59: 20023727267 | C59: นางสาวสมคิด ทรัพย์เล็ก | D59: 45509.459 | E59: - | F59: 6 | G59: - | H59: ยกเลิก | I59: - | J59: กฟจ.นครปฐม
A60: PPIM185020AA | B60: 20020640711 | C60: สมพร เหมือนประเสริฐ | D60: 45495.397 | E60: 45511.585 | F60: 12 | G60: 45541.39 | H60: เชื่อมต่อเรียบร้อยแล้ว | I60: - | J60: กฟจ.นครปฐม
A61: PPIM185024E0 | B61: 20020922200 | C61: นายกิตติศักดิ์ เสือกลิ่น | D61: 45513.739 | E61: - | F61: 20 | G61: 45539.611 | H61: เชื่อมต่อเรียบร้อยแล้ว | I61: - | J61: กฟจ.นครปฐม
A62: PPIM18502604 | B62: 20002940206 | C62: นาย อำนวย จันทร์เจริญกิจ | D62: 45518.769 | E62: - | F62: 10 | G62: - | H62: ยกเลิก | I62: - | J62: กฟจ.นครปฐม
A63: PPIM18502678 | B63: 20002707372 | C63: นาย พิศิษฐ ศุภมัสดุอังกูร | D63: 45520.451 | E63: - | F63: 3 | G63: 45544.578 | H63: เชื่อมต่อเรียบร้อยแล้ว | I63: - | J63: กฟจ.นครปฐม
A64: PPIM185023FB | B64: 20010768380 | C64: ธนาคารออมสิน | D64: 45510.629 | E64: 45523.458 | F64: 10 | G64: 45562.534 | H64: เชื่อมต่อเรียบร้อยแล้ว | I64: - | J64: กฟจ.นครปฐม
A65: PPIM1850248D | B65: 20002674658 | C65: นายประพันธ์ อำพันโรจนานันท์ | D65: 45512.975 | E65: 45525.533 | F65: 15 | G65: 45546.631 | H65: เชื่อมต่อเรียบร้อยแล้ว | I65: - | J65: กฟจ.นครปฐม
A66: PPIM1850291D | B66: 20020012881 | C66: บริษัท ทรู มูฟ เอช ยูนิเวอร์แซล คอมมิวนิเคชั่น จำกัด | D66: 45530.476 | E66: - | F66: 6 | G66: 45544.447 | H66: เชื่อมต่อเรียบร้อยแล้ว | I66: - | J66: กฟจ.นครปฐม
A67: PPIM1850238C | B67: 20002957188 | C67: นายนันทวัช พุทธคุณรักษา | D67: 45507.594 | E67: 45532.559 | F67: 15 | G67: - | H67: ยกเลิก | I67: - | J67: กฟจ.นครปฐม
A68: PPIM18502A96 | B68: 20023435716 | C68: นายถวัลย์ พบลาภ | D68: 45534.397 | E68: 45537.573 | F68: 5 | G68: 45545.443 | H68: เชื่อมต่อเรียบร้อยแล้ว | I68: - | J68: กฟจ.นครปฐม
A69: PPIM18502B54 | B69: 20002662439 | C69: นาย ธรัฐพงษ์ รัตรสาร | D69: 45537.615 | E69: - | F69: 3 | G69: - | H69: ยกเลิก | I69: - | J69: กฟจ.นครปฐม
A70: PPIM18502AF6 | B70: 20003615649 | C70: นายสมจิตร พัตพงษ์ | D70: 45535.563 | E70: 45539.496 | F70: 3.6 | G70: 45545.331 | H70: เชื่อมต่อเรียบร้อยแล้ว | I70: - | J70: กฟจ.นครปฐม
A71: PPIM18502C5D | B71: 20002812029 | C71: นายโกมล ทับทอง | D71: 45540.673 | E71: 45541.497 | F71: 10 | G71: 45559.555 | H71: เชื่อมต่อเรียบร้อยแล้ว | I71: - | J71: กฟจ.นครปฐม
A72: PPIM18502CE7 | B72: 20017588116 | C72: นายสุรชาญ เศวตสุทธิพันธ์ | D72: 45542.485 | E72: - | F72: 5 | G72: - | H72: รอชำระเงิน | I72: - | J72: กฟจ.นครปฐม
A73: PPIM18502EF5 | B73: 20027252869 | C73: นางสาวกาญจนา แก้วอำไพ | D73: 45549.696 | E73: - | F73: 5 | G73: - | H73: ยกเลิก | I73: - | J73: กฟอ.ดอนตูม
A74: PPIM18503050 | B74: 20027943245 | C74: นางกรองแก้ว จินดามรกฎ | D74: 45554.573 | E74: - | F74: 5 | G74: - | H74: ยกเลิก | I74: - | J74: กฟจ.นครปฐม
A75: PPIM185030F9 | B75: 20002737231 | C75: นางสาวทัศนวรรณ ศูนย์กลาง | D75: 45556.437 | E75: - | F75: 2.375 | G75: 45576.482 | H75: เชื่อมต่อเรียบร้อยแล้ว | I75: - | J75: กฟจ.นครปฐม
A76: PPIM18502F25 | B76: 20002957188 | C76: นายนันทวัช พุทธคุณรักษา | D76: 45551.42 | E76: 45559.622 | F76: 15 | G76: 45693.617 | H76: เชื่อมต่อเรียบร้อยแล้ว | I76: - | J76: กฟจ.นครปฐม
A77: PPIM18503230 | B77: 20020938237 | C77: ธนาคารเกียรตินาคินภัทร จำกัด (มหาชน) | D77: 45560.497 | E77: - | F77: 10 | G77: 45604.598 | H77: เชื่อมต่อเรียบร้อยแล้ว | I77: - | J77: กฟจ.นครปฐม
A78: PPIM18502F31 | B78: 20016509584 | C78: นายพีรพัทธ์ จิตราวิริยะกุล | D78: 45551.49 | E78: 45560.524 | F78: 6 | G78: 45610.498 | H78: เชื่อมต่อเรียบร้อยแล้ว | I78: - | J78: กฟจ.นครปฐม
A79: PPIM185032DA | B79: 20027870515 | C79: นาง วิลาสินี สะสมทรัพย์ | D79: 45562.622 | E79: - | F79: 20 | G79: 45569.509 | H79: เชื่อมต่อเรียบร้อยแล้ว | I79: - | J79: กฟจ.นครปฐม
A80: PPIM185033DA | B80: 20002847539 | C80: ที่ทำการปกครอง อำเภอดอนตูม | D80: 45566.601 | E80: - | F80: 10 | G80: 45639.448 | H80: เชื่อมต่อเรียบร้อยแล้ว | I80: - | J80: กฟอ.ดอนตูม
A81: PPIM18502D08 | B81: 20027703825 | C81: นาย ธรัฐพงษ์ รัตรสาร | D81: 45543.581 | E81: 45567.419 | F81: 3 | G81: - | H81: รอชำระเงิน | I81: - | J81: กฟจ.นครปฐม
A82: PPIM18503479 | B82: 20002674246 | C82: นางสุปัญญา แสนชมภู | D82: 45568.428 | E82: - | F82: 5 | G82: 45603.431 | H82: เชื่อมต่อเรียบร้อยแล้ว | I82: - | J82: กฟจ.นครปฐม
A83: PPIM185033F2 | B83: 20002953227 | C83: นายวุฒสิษฏ์ เเก้วไกรเพชร์ | D83: 45566.721 | E83: 45569.663 | F83: 5 | G83: 45603.431 | H83: เชื่อมต่อเรียบร้อยแล้ว | I83: - | J83: กฟจ.นครปฐม
A84: PPIM185032B6 | B84: 20027943245 | C84: นางกรองแก้ว จินดามรกฎ | D84: 45562.368 | E84: 45569.684 | F84: 5 | G84: - | H84: ยกเลิก | I84: - | J84: กฟจ.นครปฐม
A85: PPIM18503382 | B85: 20027915656 | C85: นายโสภณ จันทร์รังษี | D85: 45565.624 | E85: 45572.475 | F85: 4 | G85: - | H85: รอชำระเงิน | I85: - | J85: กฟจ.นครปฐม
A86: PPIM1850340E | B86: 20017841552 | C86: วัดสระกะเทียม | D86: 45567.449 | E86: 45572.565 | F86: 15 | G86: 45603.356 | H86: เชื่อมต่อเรียบร้อยแล้ว | I86: - | J86: กฟจ.นครปฐม
A87: PPIM185035A1 | B87: 20023727267 | C87: นางสาวสมคิด ทรัพย์เล็ก | D87: 45572.625 | E87: - | F87: 6 | G87: 45667.543 | H87: เชื่อมต่อเรียบร้อยแล้ว | I87: - | J87: กฟจ.นครปฐม
A88: PPIM185035FC | B88: 20002736095 | C88: นางอุ้ยจู้ สมบัติพูนผล | D88: 45573.508 | E88: - | F88: 5 | G88: 45595.456 | H88: เชื่อมต่อเรียบร้อยแล้ว | I88: - | J88: กฟจ.นครปฐม
A89: PPIM1850314B | B89: 20025567531 | C89: นางสาวสาธินีย์ จีรุวัฒนาภรณ์ | D89: 45558.464 | E89: 45582.857 | F89: 5 | G89: - | H89: รอชำระเงิน | I89: - | J89: กฟจ.นครปฐม
A90: PPIM18503AAC | B90: 20021450826 | C90: บริษัท ซีพี ออลล์ จำกัด (มหาชน) สาขา PTTOR ธรรมศาลา | D90: 45590.387 | E90: - | F90: 20 | G90: 45643.494 | H90: เชื่อมต่อเรียบร้อยแล้ว | I90: - | J90: กฟจ.นครปฐม
A91: PPIM18503ACE | B91: 20027915260 | C91: นายบัญชา ลิ้มประเสริฐยิ่ง | D91: 45590.596 | E91: - | F91: 20 | G91: 45649.403 | H91: เชื่อมต่อเรียบร้อยแล้ว | I91: - | J91: กฟจ.นครปฐม
A92: PPIM18503B24 | B92: 20026589154 | C92: นายเศรษฐศักดิ์ ทับทอง | D92: 45593.449 | E92: - | F92: 10 | G92: - | H92: รอชำระเงิน | I92: - | J92: กฟจ.นครปฐม
A93: PPIM18503B82 | B93: 20002755496 | C93: พล.ต.วิชา ทัศยาพันธุ์ | D93: 45593.933 | E93: - | F93: 3 | G93: - | H93: ยกเลิก | I93: - | J93: กฟจ.นครปฐม
A94: PPIM18503D7D | B94: 20002877931 | C94: นายสมชาย ลือเวศย์วณิช | D94: 45601.573 | E94: - | F94: 15 | G94: 45667.617 | H94: เชื่อมต่อเรียบร้อยแล้ว | I94: - | J94: กฟจ.นครปฐม
A95: PPIM18503DB9 | B95: 20027806670 | C95: นางสุพิชาณัฐ จารุศิริพิพัฒน์ | D95: 45602.458 | E95: - | F95: 10 | G95: 45638.458 | H95: เชื่อมต่อเรียบร้อยแล้ว | I95: - | J95: กฟจ.นครปฐม
A96: PPIM18503DCB | B96: 20002952664 | C96: บริษัท บางจาก คอร์ปอเรชั่น จำกัด (มหาชน) สาขาเพชรเกษม ขาเข้า กม.61 เมือง, นครปฐม | D96: 45602.55 | E96: - | F96: 20 | G96: 45638.563 | H96: ยกเลิก | I96: - | J96: กฟจ.นครปฐม
A97: PPIM18503DE7 | B97: 20002952359 | C97: หจก. เค.พี.ลีฟวิ่ง โฮม | D97: 45602.658 | E97: - | F97: 6 | G97: 45639.619 | H97: เชื่อมต่อเรียบร้อยแล้ว | I97: - | J97: กฟจ.นครปฐม
A98: PPIM18503E7E | B98: 20026651648 | C98: บริษัท ทรู มูฟ เอช ยูนิเวอร์แซล คอมมิวนิเคชั่น จำกัด | D98: 45604.481 | E98: - | F98: 6 | G98: 45638.563 | H98: เชื่อมต่อเรียบร้อยแล้ว | I98: - | J98: กฟจ.นครปฐม
A99: PPIM18503E9A | B99: 20026651992 | C99: บริษัท ทรู มูฟ เอช ยูนิเวอร์แซล คอมมิวนิเคชั่น จำกัด | D99: 45604.645 | E99: - | F99: 12 | G99: 45663.603 | H99: เชื่อมต่อเรียบร้อยแล้ว | I99: - | J99: กฟอ.ดอนตูม
A100: PPIM18503ABC | B100: 20022009739 | C100: บริษัท ปตท. น้ำมันและการค้าปลีก จำกัด (มหาชน) สาขา ธรรมศาลา | D100: 45590.455 | E100: 45607.425 | F100: 15 | G100: 45643.496 | H100: เชื่อมต่อเรียบร้อยแล้ว | I100: - | J100: กฟจ.นครปฐม
A101: PPIM18503F25 | B101: 20002675169 | C101: นางสมถวิล สร้อยทอง | D101: 45607.646 | E101: - | F101: 4 | G101: 45667.417 | H101: เชื่อมต่อเรียบร้อยแล้ว | I101: - | J101: กฟจ.นครปฐม
...

Sheet กฟส นครชัยศรี
A2: เลขที่คำขอ | B2: หมายเลข CA | C2: ชื่อผู้ใช้ไฟฟ้า | D2: วันที่ยื่นคำขอ | E2: วันที่ยื่นแก้ไขคำขอ | F2: กำลังการผลิต (kW) | G2: วันที่ชำระเงิน | H2: สถานะคำขอ | J2: พื้นที่ กฟฟ. | L2: รวม | M2: =COUNT(B:B) -> 102 | N2: ราย
A3: PPIM185009D0 | B3: 20026027222 | C3: นางประจิน มุกดาหาร | D3: 45371.488 | E3: - | F3: 5 | G3: - | H3: ยกเลิก | I3: - | J3: กฟอ.นครชัยศรี | L3: รอตรวจสอบคำขอ | M3: =COUNTIF(H:H,"รอตรวจสอบคำขอ") -> 10 | N3: ราย
A4: PPIM18500CF2 | B4: 20003464087 | C4: นางสมจิตร ศรีเพ็ง | D4: 45391.86 | E4: - | F4: 5 | G4: - | H4: ยกเลิก | I4: - | J4: กฟอ.นครชัยศรี | L4: ยกเลิก | M4: =COUNTIF(H:H,"ยกเลิก") -> 58 | N4: ราย
A5: PPIM18500DD0 | B5: 20002575303 | C5: นางสาว ธัญญานุช ทองยอดพันธ์ | D5: 45401.668 | E5: - | F5: 5 | G5: - | H5: ยกเลิก | I5: - | J5: กฟอ.นครชัยศรี | L5: รอผู้ยื่นคำขอส่งเอกสารแก้ไข | M5: =COUNTIF(H:H,"รอผู้ยื่นคำขอส่งเอกสารแก้ไข") -> 0 | N5: ราย
A6: PPIM18500133 | B6: 20003495624 | C6: นางสำรวง สุขชื่นชม | D6: 45315.619 | E6: 45427.67 | F6: 10 | G6: 45456.624 | H6: เชื่อมต่อเรียบร้อยแล้ว | I6: - | J6: กฟอ.นครชัยศรี | L6: รอชำระเงิน | M6: =COUNTIF(H:H,"รอชำระเงิน") -> 2 | N6: ราย | O6: (รวม รอ หผ / อก / ผจก อนุมัติ ด้วย)
A7: PPIM18500F86 | B7: 20026819749 | C7: นายสิทธิชัย เนตรประดิษฐ์ | D7: 45414.406 | E7: 45433.662 | F7: 15 | G7: - | H7: ยกเลิก | I7: - | J7: กฟอ.นครชัยศรี | L7: รออนุมัติเชื่อมต่อ/รับพิจารณา | M7: =COUNTIF(H:H,"รออนุมัติเชื่อมต่อ/รับพิจารณา")+COUNTIF(H:H,"รอ หผ. อนุมัติ")+COUNTIF(H:H,"รอ ผจก./อก. อนุมัติ") -> 4 | N7: ราย
A8: PPIM18501602 | B8: 20003366734 | C8: นาย พิพัฒน์ ศิริชัย | D8: 45448.822 | E8: - | F8: 5 | G8: - | H8: ยกเลิก | I8: - | J8: กฟอ.นครชัยศรี | L8: รอดำเนินการหลังอนุมัติเชื่อมต่อ / รับพิจารณา | M8: =COUNTIF(H:H,"รอดำเนินการหลังอนุมัติเชื่อมต่อ / รับพิจารณา") -> 2 | N8: ราย
A9: PPIM185016E0 | B9: 20026027280 | C9: นางประจิน มุกดาหาร | D9: 45453.621 | E9: - | F9: 5 | G9: 45492.526 | H9: เชื่อมต่อเรียบร้อยแล้ว | I9: - | J9: กฟอ.นครชัยศรี | L9: รอแก้ไขเอกสารหลังอนุมัติเชื่อมต่อ / รับพิจารณา | M9: =COUNTIF(H:H,"รอแก้ไขเอกสารหลังอนุมัติเชื่อมต่อ / รับพิจารณา") -> 0 | N9: ราย
A10: PPIM185016EA | B10: 20025246220 | C10: บริษัท เอสพี-วัน เมทัลชีท เทรดดิ้ง จำกัด | D10: 45453.701 | E10: - | F10: 15 | G10: - | H10: ยกเลิก | I10: - | J10: กฟอ.นครชัยศรี | L10: รออนุมัติเชื่อมต่อ (200 kW ขึ้นไป) | M10: =COUNTIF(H:H,"รออนุมัติเชื่อมต่อ (200 kW ขึ้นไป)") -> 0 | N10: ราย
A11: PPIM18501758 | B11: 20019725700 | C11: นันทิศา ชาติชาญชัย | D11: 45455.553 | E11: - | F11: 8 | G11: - | H11: ยกเลิก | I11: - | J11: กฟอ.นครชัยศรี | L11: รอตรวจสอบระบบผลิต | M11: =COUNTIF(H:H,"รอตรวจสอบระบบผลิต") -> 1 | N11: ราย
A12: PPIM18501382 | B12: 20003310398 | C12: นาย ไตร ปริปุณณานนท์ | D12: 45435.863 | E12: 45460.86 | F12: 10 | G12: 45490.547 | H12: เชื่อมต่อเรียบร้อยแล้ว | I12: - | J12: กฟอ.นครชัยศรี | L12: รอทดสอบเชื่อมต่อ | M12: =COUNTIF(H:H,"รอทดสอบเชื่อมต่อ") -> 0 | N12: ราย
A13: PPIM185018F0 | B13: 20003366734 | C13: นาย พิพัฒน์ ศิริชัย | D13: 45462.905 | E13: - | F13: 5 | G13: - | H13: ยกเลิก | I13: - | J13: กฟอ.นครชัยศรี | L13: รออนุมัติแจ้งวันเริ่มเชื่อมต่อ | M13: =COUNTIF(H:H,"รออนุมัติแจ้งวันเริ่มเชื่อมต่อ") -> 0 | N13: ราย
A14: PPIM1850194C | B14: 20025246220 | C14: บริษัท เอสพี-วัน เมทัลชีท เทรดดิ้ง จำกัด | D14: 45464.46 | E14: - | F14: 15 | G14: 45512.599 | H14: เชื่อมต่อเรียบร้อยแล้ว | I14: - | J14: กฟอ.นครชัยศรี | L14: เชื่อมต่อเรียบร้อยแล้ว | M14: =COUNTIF(H:H,"เชื่อมต่อเรียบร้อยแล้ว") -> 25 | N14: ราย
A15: PPIM18501B33 | B15: 20027665825 | C15: นายศิษฎี ศรคุปต์ | D15: 45472.547 | E15: - | F15: 5 | G15: - | H15: ยกเลิก | I15: - | J15: กฟอ.นครชัยศรี
A16: PPIM18501BC3 | B16: 20026584113 | C16: บริษัท พีแอล โค่ย | D16: 45475.678 | E16: - | F16: 10 | G16: - | H16: ยกเลิก | I16: - | J16: กฟอ.นครชัยศรี
A17: PPIM18501BF6 | B17: 20003575303 | C17: น.ส.ธัญญานุช ทองยอดพันธ์ | D17: 45476.674 | E17: - | F17: 5 | G17: - | H17: ยกเลิก | I17: - | J17: กฟอ.นครชัยศรี
A18: PPIM18501C59 | B18: 20019725700 | C18: นาง นันทิศา ชาติชาญชัย | D18: 45478.401 | E18: - | F18: 8 | G18: - | H18: ยกเลิก | I18: - | J18: กฟอ.นครชัยศรี
A19: PPIM18501A8B | B19: 20026819749 | C19: นายสิทธิชัย เนตรประดิษฐ์ | D19: 45469.696 | E19: 45482.672 | F19: 15 | G19: - | H19: ยกเลิก | I19: - | J19: กฟอ.นครชัยศรี
A20: PPIM18501A88 | B20: 20003627666 | C20: นายกุลชัย วิรุฬห์ภูติ | D20: 45469.69 | E20: 45484.431 | F20: 20 | G20: - | H20: ยกเลิก | I20: - | J20: กฟอ.นครชัยศรี
A21: PPIM185019BB | B21: 20025520914 | C21: นายชนิต เหล่าขจรบุญ | D21: 45467.485 | E21: 45488.501 | F21: 10 | G21: 45524.41 | H21: เชื่อมต่อเรียบร้อยแล้ว | I21: - | J21: กฟอ.นครชัยศรี
A22: PPIM18500AFD | B22: 20025696667 | C22: นายสกนต์ อยู่พะเนียด | D22: 45378.585 | E22: 45490.656 | F22: 4 | G22: 45552.621 | H22: เชื่อมต่อเรียบร้อยแล้ว | I22: - | J22: กฟอ.นครชัยศรี
A23: PPIM18501FE1 | B23: 20022335153 | C23: บริษัท วินเทค อะโกร จำกัด | D23: 45491.431 | E23: - | F23: 10 | G23: - | H23: เชื่อมต่อเรียบร้อยแล้ว | I23: - | J23: กฟอ.นครชัยศรี
A24: PPIM18501FF3 | B24: 20027665825 | C24: นายศิษฎี ศรคุปต์ | D24: 45491.483 | E24: - | F24: 5 | G24: - | H24: ยกเลิก | I24: - | J24: กฟอ.นครชัยศรี
A25: PPIM18502038 | B25: 20003627666 | C25: นายกลุชัย วิรุฬห์ภูติ5 | D25: 45492.428 | E25: - | F25: 20 | G25: - | H25: ยกเลิก | I25: - | J25: กฟอ.นครชัยศรี
A26: PPIM18500B60 | B26: 20022141629 | C26: นางสาว ตรีสุคนธ์ ทองชัยเดช | D26: 45380.659 | E26: 45492.525 | F26: 5 | G26: 45534.334 | H26: เชื่อมต่อเรียบร้อยแล้ว | I26: - | J26: กฟอ.นครชัยศรี
A27: PPIM18502207 | B27: 20003627666 | C27: นายกุลชัย วิรุฬห์ภูติ | D27: 45499.423 | E27: - | F27: 20 | G27: - | H27: ยกเลิก | I27: - | J27: กฟอ.นครชัยศรี
A28: PPIM1850199F | B28: 20003366734 | C28: นาย พิพัฒน์ ศิริชัย | D28: 45465.738 | E28: 45499.452 | F28: 5 | G28: - | H28: ยกเลิก | I28: - | J28: กฟอ.นครชัยศรี
A29: PPIM1850242B | B29: 20026819749 | C29: 3730300205528 | D29: 45511.684 | E29: - | F29: 15 | G29: - | H29: ยกเลิก | I29: - | J29: กฟอ.นครชัยศรี
A30: PPIM185024AE | B30: 20019725700 | C30: นางนันทิศา ชาติชาญชัย | D30: 45513.476 | E30: - | F30: 2 | G30: - | H30: ยกเลิก | I30: - | J30: กฟอ.นครชัยศรี
A31: PPIM18502587 | B31: 20026819749 | C31: นายสิทธิชัย เนตรประดิษฐ์ | D31: 45517.629 | E31: - | F31: 15 | G31: 45545.44 | H31: เชื่อมต่อเรียบร้อยแล้ว | I31: - | J31: กฟอ.นครชัยศรี
A32: PPIM18502609 | B32: 20003308194 | C32: นาย พาท มีชำนาญ | D32: 45518.834 | E32: - | F32: 5 | G32: - | H32: ยกเลิก | I32: - | J32: กฟอ.นครชัยศรี
A33: PPIM185027DC | B33: 20019725700 | C33: นางนันทิศา ชาติชาญชัย | D33: 45525.447 | E33: - | F33: 8 | G33: - | H33: ยกเลิก | I33: - | J33: กฟอ.นครชัยศรี
A34: PPIM18501FB1 | B34: 20026584113 | C34: บริษัท พีแอล โค่ย จำกัด | D34: 45490.651 | E34: 45525.691 | F34: 10 | G34: - | H34: ยกเลิก | I34: - | J34: กฟอ.นครชัยศรี
A35: PPIM18502129 | B35: 20021169223 | C35: นาง รติกร เศรษฐพิทยากุล | D35: 45496.931 | E35: 45525.903 | F35: 12 | G35: 45554.407 | H35: เชื่อมต่อเรียบร้อยแล้ว | I35: - | J35: กฟอ.นครชัยศรี
A36: PPIM185028BD | B36: 20026487706 | C36: นายอินทร์จันทร์ บุราพันธ์ | D36: 45527.691 | E36: - | F36: 10 | G36: - | H36: ยกเลิก | I36: - | J36: กฟอ.นครชัยศรี
A37: PPIM18501E20 | B37: 20022873351 | C37: นาย สิทธิพงษ์ ศิริสถิตย์ | D37: 45484.968 | E37: 45531.48 | F37: 20 | G37: 45540.411 | H37: เชื่อมต่อเรียบร้อยแล้ว | I37: - | J37: กฟอ.นครชัยศรี
A38: PPIM185029C2 | B38: 20017968396 | C38: พีระ นนพิจิตร | D38: 45531.727 | E38: - | F38: 3 | G38: - | H38: ยกเลิก | I38: - | J38: กฟอ.นครชัยศรี
A39: PPIM185020BD | B39: 20026474087 | C39: นายเดชาธร วงศ์สวรรค์ | D39: 45495.551 | E39: 45532.675 | F39: 5 | G39: 45646.576 | H39: เชื่อมต่อเรียบร้อยแล้ว | I39: - | J39: กฟอ.นครชัยศรี
A40: PPIM18502A82 | B40: 20003546499 | C40: นายสมชาติ พรรณพัฒน์ | D40: 45533.756 | E40: - | F40: 10 | G40: - | H40: ยกเลิก | I40: - | J40: กฟอ.นครชัยศรี
A41: PPIM18502AC6 | B41: 20003366734 | C41: นาย พิพัฒน์ ศิริชัย | D41: 45534.683 | E41: - | F41: 5 | G41: 45638.525 | H41: เชื่อมต่อเรียบร้อยแล้ว | I41: - | J41: กฟอ.นครชัยศรี
A42: PPIM18502B3B | B42: 20003627666 | C42: กุลชัย วิรุฬห์ภูติ | D42: 45537.51 | E42: - | F42: 20 | G42: - | H42: ยกเลิก | I42: - | J42: กฟอ.นครชัยศรี
A43: PPIM18502B4F | B43: 20003546499 | C43: นายสมชาติ พรรณพัฒน์ | D43: 45537.607 | E43: - | F43: 10 | G43: - | H43: ยกเลิก | I43: - | J43: กฟอ.นครชัยศรี
A44: PPIM1850314E | B44: 20026487706 | C44: นายอินทร์จันทร์ บุราพันธ์ | D44: 45558.474 | E44: - | F44: 10 | G44: - | H44: ยกเลิก | I44: - | J44: กฟอ.นครชัยศรี
A45: PPIM18503518 | B45: 20003279773 | C45: นายเจษฎา เดชสกุลฤทธิ์ | D45: 45569.715 | E45: 45589.581 | F45: 20 | G45: - | H45: ยกเลิก | I45: - | J45: กฟอ.นครชัยศรี
A46: PPIM18503E8F | B46: 20026652148 | C46: บริษัท ทรู มูฟ เอช ยูนิเวอร์แซล คอมมิวนิเคชั่น จำกัด | D46: 45604.599 | E46: - | F46: 12 | G46: - | H46: ยกเลิก | I46: - | J46: กฟอ.นครชัยศรี
A47: PPIM18502998 | B47: 20026584113 | C47: บริษัท พีแอล โค่ย จำกัด | D47: 45531.576 | E47: 45607.482 | F47: 10 | G47: - | H47: ยกเลิก | I47: - | J47: กฟอ.นครชัยศรี
A48: PPIM1850311A | B48: 20027665825 | C48: นายศิษฎี ศรคุปต์ | D48: 45556.728 | E48: 45607.708 | F48: 5 | G48: 45698.653 | H48: เชื่อมต่อเรียบร้อยแล้ว | I48: - | J48: กฟอ.นครชัยศรี
A49: PPIM18503F74 | B49: 20026487706 | C49: ชนัชรัดดา สุทธาธะระ | D49: 45608.635 | E49: - | F49: 10 | G49: - | H49: ยกเลิก | I49: - | J49: กฟอ.นครชัยศรี
A50: PPIM18503F79 | B50: 20026487706 | C50: นายอินจันทร์ บุราพันธ์ | D50: 45608.662 | E50: - | F50: 10 | G50: - | H50: ยกเลิก | I50: - | J50: กฟอ.นครชัยศรี
A51: PPIM18504407 | B51: 20003546706 | C51: นายคเชนทร์ ปรีชา | D51: 45624.69 | E51: - | F51: 10 | G51: - | H51: ยกเลิก | I51: - | J51: กฟอ.นครชัยศรี
A52: PPIM18503C54 | B52: 20003250532 | C52: สำนักงานเทศบาลตำบลห้วยพลู | D52: 45597.4 | E52: 45628.708 | F52: 15 | G52: 45649.403 | H52: เชื่อมต่อเรียบร้อยแล้ว | I52: - | J52: กฟอ.นครชัยศรี
A53: PPIM18504619 | B53: 20026652148 | C53: บริษัท ทรู มูฟ เอช ยูนิเวอร์แซล คอมมิวนิเคชั่น จำกัด | D53: 45635.575 | E53: 45635.668 | F53: 12 | G53: 45637.578 | H53: เชื่อมต่อเรียบร้อยแล้ว | I53: - | J53: กฟอ.นครชัยศรี
A54: PPIM185040AE | B54: 20003283513 | C54: ที่ว่าการอำเภอนครชัยศรี | D54: 45611.536 | E54: 45664.633 | F54: 20 | G54: 45687.549 | H54: เชื่อมต่อเรียบร้อยแล้ว | I54: - | J54: กฟอ.นครชัยศรี
A55: PPIM185047D9 | B55: 20026487706 | C55: นายอินจันทร์ บุุราพันธ์ | D55: 45642.649 | E55: 45688.631 | F55: 10 | G55: 45751.466 | H55: รอดำเนินการหลังอนุมัติเชื่อมต่อ / รับพิจารณา | I55: - | J55: กฟอ.นครชัยศรี
A56: PPIM18504829 | B56: 20003546499 | C56: นายสมชาติ พรรณพัฒน์ | D56: 45643.606 | E56: 45688.652 | F56: 10 | G56: - | H56: ยกเลิก | I56: - | J56: กฟอ.นครชัยศรี
A57: PPIM18504037 | B57: 20028011435 | C57: นาย สุเมธ เวชวิบูลย์ | D57: 45610.532 | E57: 45691.647 | F57: 5 | G57: 45755.487 | H57: เชื่อมต่อเรียบร้อยแล้ว | I57: - | J57: กฟอ.นครชัยศรี
A58: PPIM1950063F | B58: 20019416498 | C58: นางสาววรรณิกา บุญญานิตย์ | D58: 45684.465 | E58: 45691.648 | F58: 10 | G58: - | H58: เชื่อมต่อเรียบร้อยแล้ว | I58: - | J58: กฟอ.นครชัยศรี
A59: PPIM185042E4 | B59: 20021253596 | C59: บริษัท เชส เอ็นเตอร์ไพรส์ (สยาม) จำกัด | D59: 45619.702 | E59: 45695.445 | F59: 10 | G59: - | H59: ยกเลิก | I59: - | J59: กฟอ.นครชัยศรี
A60: PPIM1950092E | B60: 86755942 | C60: นายกุลชัย วิรุฬผ์ภูติ | D60: 45695.446 | E60: - | F60: 20 | G60: - | H60: ยกเลิก | I60: - | J60: กฟอ.นครชัยศรี
A61: PPIM195003C7 | B61: 20026584113 | C61: บริษัท พีแอล โค่ย จำกัด | D61: 45674.452 | E61: 45712.719 | F61: 10 | G61: 45821.567 | H61: รอตรวจสอบระบบผลิต | I61: - | J61: กฟอ.นครชัยศรี
A62: PPIM1950080E | B62: 20003308194 | C62: นาย พาท มีชำนาญ | D62: 45691.73 | E62: 45720.441 | F62: 5 | G62: - | H62: ยกเลิก | I62: - | J62: กฟอ.นครชัยศรี
A63: PPIM19500FD7 | B63: 20026886376 | C63: ห้างหุ้นส่วนจำกัด บิ๊กฟู๊ด โปรดักส์ | D63: 45720.671 | E63: - | F63: 3.325 | G63: - | H63: ยกเลิก | I63: - | J63: กฟอ.นครชัยศรี
A64: PPIM19500E01 | B64: 20003546706 | C64: นายคเชนทร์ ปรีชา | D64: 45714.71 | E64: 45748.504 | F64: 10 | G64: 45757.447 | H64: เชื่อมต่อเรียบร้อยแล้ว | I64: - | J64: กฟอ.นครชัยศรี
A65: PPIM19500A6F | B65: 20003279773 | C65: นายเจษฎา เดชสกุลฤทธิ์ | D65: 45701.474 | E65: 45758.608 | F65: 20 | G65: - | H65: รอชำระเงิน | I65: - | J65: กฟอ.นครชัยศรี
A66: PPIM19501E55 | B66: 20003308194 | C66: นาย พาท มีชำนาญ | D66: 45771.476 | E66: - | F66: 5 | G66: 45870.59 | H66: เชื่อมต่อเรียบร้อยแล้ว | I66: - | J66: กฟอ.นครชัยศรี
A67: PPIM19502239 | B67: 20026615782 | C67: นายคุณพจน์ เที่ยงพูนวงศ์ | D67: 45786.399 | E67: - | F67: 10 | G67: - | H67: ยกเลิก | I67: - | J67: กฟอ.นครชัยศรี
A68: PPIM19502583 | B68: 20003275336 | C68: ห้างหุ้นส่วนจำกัด รวมนคร | D68: 45799.438 | E68: - | F68: 10 | G68: - | H68: ยกเลิก | I68: - | J68: กฟอ.นครชัยศรี
A69: PPIM19502EE1 | B69: 20016665671 | C69: นาย อธิวัฒน์ ณ บางช้าง | D69: 45828.651 | E69: - | F69: 5 | G69: - | H69: ยกเลิก | I69: - | J69: กฟอ.นครชัยศรี
A70: PPIM19502F5F | B70: 20018360544 | C70: นางสาวเอื้อมเดือน ศรีบุญช่วย | D70: 45831.567 | E70: - | F70: 5 | G70: 45870.369 | H70: เชื่อมต่อเรียบร้อยแล้ว | I70: - | J70: กฟอ.นครชัยศรี
A71: PPIM195013BC | B71: 20021253601 | C71: บริษัท เชส เอ็นเตอร์ไพรส์ (สยาม) จำกัด | D71: 45734.434 | E71: 45834.565 | F71: 10 | G71: - | H71: ยกเลิก | I71: - | J71: กฟอ.นครชัยศรี
A72: PPIM19502FFD | B72: 20027163195 | C72: นางศิริพร แทนกิจการกุล | D72: 45832.628 | E72: 45839.724 | F72: 5 | G72: - | H72: ยกเลิก | I72: - | J72: กฟอ.นครชัยศรี
A73: PPIM195035F4 | B73: 20021253596 | C73: บริษัท เชส เอ็นเตอร์ไพรส์ (สยาม) จำกัด | D73: 45853.613 | E73: - | F73: 10 | G73: - | H73: ยกเลิก | I73: - | J73: กฟอ.นครชัยศรี
A74: PPIM19503600 | B74: 20021253596 | C74: บริษัท เชส เอ็นเตอร์ไพรส์ (สยาม) จำกัด | D74: 45853.641 | E74: - | F74: 10 | G74: 45869.449 | H74: เชื่อมต่อเรียบร้อยแล้ว | I74: - | J74: กฟอ.นครชัยศรี
A75: PPIM19502EC4 | B75: 20026886376 | C75: นายอนุวัฒน์ กฤษดาเรืองศรี | D75: 45828.525 | E75: 45855.681 | F75: 3.325 | G75: 45875.572 | H75: เชื่อมต่อเรียบร้อยแล้ว | I75: - | J75: กฟอ.นครชัยศรี
A76: PPIM195012B6 | B76: 20028229232 | C76: นางสาวปริยฉัตร ศรีลา | D76: 45729.681 | E76: 45856.624 | F76: 5 | G76: 45967.619 | H76: รอดำเนินการหลังอนุมัติเชื่อมต่อ / รับพิจารณา | I76: - | J76: กฟอ.นครชัยศรี
A77: PPIM195037CE | B77: 20003194692 | C77: นางสาวดวงเดือน พูนนุช | D77: 45859.661 | E77: - | F77: 10 | G77: - | H77: ยกเลิก | I77: - | J77: กฟอ.นครชัยศรี
A78: PPIM195039E7 | B78: 20027223088 | C78: บริษัท บลูพลัส กรุ๊ป (2021) จำกัด | D78: 45867.795 | E78: - | F78: 10 | G78: - | H78: ยกเลิก | I78: - | J78: กฟอ.นครชัยศรี
A79: PPIM19503A78 | B79: 20003279773 | C79: นายเจษฎา เดชสกุลฤทธิ์ | D79: 45869.701 | E79: - | F79: 20 | G79: 45895.414 | H79: เชื่อมต่อเรียบร้อยแล้ว | I79: - | J79: กฟอ.นครชัยศรี
A80: PPIM19503C10 | B80: 20003275336 | C80: ห้างหุ้นส่วนจำกัด รวมนคร | D80: 45875.631 | E80: - | F80: 10 | G80: - | H80: ยกเลิก | I80: - | J80: กฟอ.นครชัยศรี
A81: PPIM19503D3A | B81: 20016665671 | C81: นายอธิวัฒน์ ณ บางช้าง | D81: 45880.787 | E81: - | F81: 5 | G81: - | H81: ยกเลิก | I81: - | J81: กฟอ.นครชัยศรี
A82: PPIM19503E66 | B82: 20003485738 | C82: นายเมียด พฤฒารา | D82: 45884.742 | E82: - | F82: 10 | G82: - | H82: รอชำระเงิน | I82: - | J82: กฟอ.นครชัยศรี
A83: PPIM1950467E | B83: 20019652293 | C83: น.ส.รัตนา พรมน้ำ | D83: 45912.389 | E83: - | F83: 10 | G83: - | H83: ยกเลิก | I83: - | J83: กฟอ.นครชัยศรี
A84: PPIM19504684 | B84: 20019652293 | C84: น.ส.รัตนา พรมน้ำ | D84: 45912.424 | E84: - | F84: 10 | G84: - | H84: ยกเลิก | I84: - | J84: กฟอ.นครชัยศรี
A85: PPIM1950468A | B85: 20019652293 | C85: องค์การส่วนบริหารตำบลลานตากฟ้า | D85: 45912.44 | E85: - | F85: 10 | G85: - | H85: ยกเลิก | I85: - | J85: กฟอ.นครชัยศรี
A86: PPIM19504715 | B86: 20027223088 | C86: บริษัท บลูพลัส กรุ๊ป (2021) จำกัด | D86: 45913.689 | E86: - | F86: 10 | G86: - | H86: ยกเลิก | I86: - | J86: กฟอ.นครชัยศรี
A87: PPIM19504742 | B87: 20003491600 | C87: ธิติ ชัยธัมมะปกรณ์ | D87: 45915.409 | E87: - | F87: 5 | G87: - | H87: ยกเลิก | I87: - | J87: กฟอ.นครชัยศรี
A88: PPIM195048B9 | B88: 20003159669 | C88: นางวรรณี ชัยสุกวัฒน์ | D88: 45919.464 | E88: - | F88: 10 | G88: - | H88: ยกเลิก | I88: - | J88: กฟอ.นครชัยศรี
A89: PPIM19504C9F | B89: 20003259182 | C89: นายไพโรจน์ สิทธิศุภฤกษ์ | D89: 45932.601 | E89: - | F89: 10 | G89: - | H89: รอตรวจสอบคำขอ | I89: - | J89: กฟอ.นครชัยศรี
A90: PPIM19505023 | B90: 20002659015 | C90: นายทวีศักดิ์ ลิ้มรัตนพันธ์ | D90: 45945.478 | E90: - | F90: 15 | G90: - | H90: รอตรวจสอบคำขอ | I90: - | J90: กฟอ.นครชัยศรี
A91: PPIM19503BA3 | B91: 20028717154 | C91: นายสมยศ ภู่เล็ก | D91: 45874.535 | E91: 45960.978 | F91: 5 | G91: - | H91: รออนุมัติเชื่อมต่อ/รับพิจารณา | I91: อฝ./ผจก. | J91: กฟอ.นครชัยศรี
A92: PPIM195055EC | B92: 20028642856 | C92: นายลิขิต คำชมภู | D92: 45966.558 | E92: - | F92: 15 | G92: - | H92: รอตรวจสอบคำขอ | I92: - | J92: กฟอ.นครชัยศรี
A93: PPIM19504717 | B93: 20003275336 | C93: ห้างหุ้นส่วนจำกัด รวมนคร | D93: 45913.699 | E93: 45972.401 | F93: 10 | G93: - | H93: รออนุมัติเชื่อมต่อ/รับพิจารณา | I93: อฝ./ผจก. | J93: กฟอ.นครชัยศรี
A94: PPIM195047FB | B94: 20003241138 | C94: น.ส. ปลิตา อินทร์วิมล | D94: 45917.372 | E94: 45972.463 | F94: 5 | G94: - | H94: ยกเลิก | I94: - | J94: กฟอ.นครชัยศรี
A95: PPIM195057C6 | B95: 20003491600 | C95: นายธิติ ชัยธัมมะปกรณ์ | D95: 45972.711 | E95: - | F95: 5 | G95: - | H95: รอตรวจสอบคำขอ | I95: - | J95: กฟอ.นครชัยศรี
A96: PPIM195057CE | B96: 20003241138 | C96: น.ส. ปลิตา อินทร์วิมล | D96: 45972.886 | E96: - | F96: 5 | G96: - | H96: รออนุมัติเชื่อมต่อ/รับพิจารณา | I96: อฝ./ผจก. | J96: กฟอ.นครชัยศรี
A97: PPIM19503FB5 | B97: 20003488677 | C97: องค์การบริหารส่วนตำบลท่ากระชับ | D97: 45889.417 | E97: 45973.476 | F97: 20 | G97: - | H97: รออนุมัติเชื่อมต่อ/รับพิจารณา | I97: อฝ./ผจก. | J97: กฟอ.นครชัยศรี
A98: PPIM19505860 | B98: 20003313110 | C98: บริษัท ชัยโย แอท โฮม จำกัด | D98: 45974.587 | E98: - | F98: 5 | G98: - | H98: รอตรวจสอบคำขอ | I98: - | J98: กฟอ.นครชัยศรี
A99: PPIM19505862 | B99: 20021350031 | C99: บริษัท ชัยโยคอนกรีต | D99: 45974.617 | E99: - | F99: 10 | G99: - | H99: ยกเลิก | I99: - | J99: กฟอ.นครชัยศรี
A100: PPIM1950586F | B100: 20021350031 | C100: ห้างหุ่นส่วนจำกัด ชัยโยคอนกรีต | D100: 45974.664 | E100: - | F100: 10 | G100: - | H100: รอตรวจสอบคำขอ | I100: - | J100: กฟอ.นครชัยศรี
A101: PPIM195045E7 | B101: 20028615993 | C101: นางศิริพร แทนกิจการกุล | D101: 45910.642 | E101: 45976.603 | F101: 5 | G101: - | H101: รอตรวจสอบคำขอ | I101: - | J101: กฟอ.นครชัยศรี
...

Sheet กฟส กำแพงแสน
A2: เลขที่คำขอ | B2: หมายเลข CA | C2: ชื่อผู้ใช้ไฟฟ้า | D2: วันที่ยื่นคำขอ | E2: วันที่ยื่นแก้ไขคำขอ | F2: กำลังการผลิต (kW) | G2: วันที่ชำระเงิน | H2: สถานะคำขอ | J2: พื้นที่ กฟฟ. | L2: รวม | M2: =COUNT(B:B) -> 86 | N2: ราย
A3: PPIM18500BE7 | B3: 20020177062 | C3: พรชัย จานิมิตร | D3: 45384.97 | E3: - | F3: 20 | G3: 45509.449 | H3: เชื่อมต่อเรียบร้อยแล้ว | I3: - | J3: กฟอ.กำแพงแสน | L3: รอตรวจสอบคำขอ | M3: =COUNTIF(H:H,"รอตรวจสอบคำขอ") -> 2 | N3: ราย
A4: PPIM18500CDF | B4: 20023723483 | C4: บริษัท เคพีเอส คาเฟ่จำกัด | D4: 45391.626 | E4: - | F4: 10 | G4: - | H4: ยกเลิก | I4: - | J4: กฟอ.กำแพงแสน | L4: ยกเลิก | M4: =COUNTIF(H:H,"ยกเลิก") -> 44 | N4: ราย
A5: PPIM18501001 | B5: 20003268918 | C5: นางแซ่เล็ก เลาศรีรัตนชัย | D5: 45415.976 | E5: 45438.878 | F5: 10 | G5: 45512.483 | H5: เชื่อมต่อเรียบร้อยแล้ว | I5: - | J5: กฟอ.กำแพงแสน | L5: รอผู้ยื่นคำขอส่งเอกสารแก้ไข | M5: =COUNTIF(H:H,"รอผู้ยื่นคำขอส่งเอกสารแก้ไข") -> 1 | N5: ราย
A6: PPIM1850129E | B6: 20003279636 | C6: บริษัท วัสดุภัณฑ์คอนกรีต จำกัด | D6: 45432.438 | E6: 45442.703 | F6: 10 | G6: 45490.465 | H6: เชื่อมต่อเรียบร้อยแล้ว | I6: - | J6: กฟอ.กำแพงแสน | L6: รอชำระเงิน | M6: =COUNTIF(H:H,"รอชำระเงิน") -> 3 | N6: ราย | O6: (รวม รอ หผ / อก / ผจก อนุมัติ ด้วย)
A7: PPIM18500E7A | B7: 20023723483 | C7: บริษัท เคพีเอส คาเฟ่ จำกัด | D7: 45406.701 | E7: 45448.705 | F7: 10 | G7: 45489.608 | H7: เชื่อมต่อเรียบร้อยแล้ว | I7: - | J7: กฟอ.กำแพงแสน | L7: รออนุมัติเชื่อมต่อ/รับพิจารณา | M7: =COUNTIF(H:H,"รออนุมัติเชื่อมต่อ/รับพิจารณา")+COUNTIF(H:H,"รอ หผ. อนุมัติ")+COUNTIF(H:H,"รอ ผจก./อก. อนุมัติ") -> 1 | N7: ราย
A8: PPIM18501806 | B8: 20026373502 | C8: นางสาวโสรยา งามไพลิน | D8: 45457.753 | E8: - | F8: 10 | G8: 45513.447 | H8: เชื่อมต่อเรียบร้อยแล้ว | I8: - | J8: กฟอ.กำแพงแสน | L8: รอดำเนินการหลังอนุมัติเชื่อมต่อ / รับพิจารณา | M8: =COUNTIF(H:H,"รอดำเนินการหลังอนุมัติเชื่อมต่อ / รับพิจารณา") -> 7 | N8: ราย
A9: PPIM18501880 | B9: 20025483104 | C9: ประพล แซ่เเต้ | D9: 45461.39 | E9: - | F9: 5 | G9: - | H9: ยกเลิก | I9: - | J9: กฟอ.กำแพงแสน | L9: รอแก้ไขเอกสารหลังอนุมัติเชื่อมต่อ / รับพิจารณา | M9: =COUNTIF(H:H,"รอแก้ไขเอกสารหลังอนุมัติเชื่อมต่อ / รับพิจารณา") -> 1 | N9: ราย
A10: PPIM185016D5 | B10: 20023900026 | C10: นายโกวิท ห่วงเนาวกุล | D10: 45453.558 | E10: 45471.661 | F10: 4 | G10: - | H10: ยกเลิก | I10: - | J10: กฟอ.กำแพงแสน | L10: รออนุมัติเชื่อมต่อ (200 kW ขึ้นไป) | M10: =COUNTIF(H:H,"รออนุมัติเชื่อมต่อ (200 kW ขึ้นไป)") -> 0 | N10: ราย
A11: PPIM18501B5C | B11: 20023900026 | C11: นายโกวิท ห่วงเนาวกุล | D11: 45474.433 | E11: - | F11: 4 | G11: 45483.365 | H11: เชื่อมต่อเรียบร้อยแล้ว | I11: - | J11: กฟอ.กำแพงแสน | L11: รอตรวจสอบระบบผลิต | M11: =COUNTIF(H:H,"รอตรวจสอบระบบผลิต") -> 1 | N11: ราย
A12: PPIM185020A5 | B12: 20003569382 | C12: นาวาอากาศเอกหญิง รัชนี ทองมี | D12: 45494.969 | E12: - | F12: 5 | G12: - | H12: ยกเลิก | I12: - | J12: กฟอ.กำแพงแสน | L12: รอทดสอบเชื่อมต่อ | M12: =COUNTIF(H:H,"รอทดสอบเชื่อมต่อ") -> 0 | N12: ราย
A13: PPIM185021DA | B13: 20003430883 | C13: ธนาคารออมสิน | D13: 45498.698 | E13: - | F13: 5 | G13: - | H13: ยกเลิก | I13: - | J13: กฟอ.กำแพงแสน | L13: รออนุมัติแจ้งวันเริ่มเชื่อมต่อ | M13: =COUNTIF(H:H,"รออนุมัติแจ้งวันเริ่มเชื่อมต่อ") -> 0 | N13: ราย
A14: PPIM18502198 | B14: 20025483104 | C14: ประพล แซ่เเต้ | D14: 45498.399 | E14: 45523.629 | F14: 5 | G14: 45546.62 | H14: เชื่อมต่อเรียบร้อยแล้ว | I14: - | J14: กฟอ.กำแพงแสน | L14: เชื่อมต่อเรียบร้อยแล้ว | M14: =COUNTIF(H:H,"เชื่อมต่อเรียบร้อยแล้ว") -> 26 | N14: ราย
A15: PPIM18502920 | B15: 20019463789 | C15: บริษัท ทรู มูฟ เอช ยูนิเวอร์แซล คอมมิวนิเคชั่น จำกัด | D15: 45530.496 | E15: - | F15: 12 | G15: - | H15: ยกเลิก | I15: - | J15: กฟอ.กำแพงแสน
A16: PPIM18502CA1 | B16: 20003450375 | C16: นายพันธ์ศักดิ์ จันทร์ชู | D16: 45541.597 | E16: - | F16: 5 | G16: - | H16: ยกเลิก | I16: - | J16: กฟอ.กำแพงแสน
A17: PPIM18502CF5 | B17: 20003554649 | C17: นางสาวดวงดาว แสงสาด | D17: 45542.653 | E17: - | F17: 10 | G17: - | H17: ยกเลิก | I17: - | J17: กฟอ.กำแพงแสน
A18: PPIM1850303C | B18: 20003450375 | C18: น.ต.พันธ์ศักดิ์ จันทรชู | D18: 45554.471 | E18: - | F18: 5 | G18: - | H18: ยกเลิก | I18: - | J18: กฟอ.กำแพงแสน
A19: PPIM185030EB | B19: 20003450375 | C19: น.ต.พันธ์ศักดิ์ จันทรชู | D19: 45555.745 | E19: - | F19: 5 | G19: - | H19: ยกเลิก | I19: - | J19: กฟอ.กำแพงแสน
A20: PPIM185030F4 | B20: 20003554649 | C20: นางดวงดาว แสงสาด | D20: 45556.365 | E20: - | F20: 10 | G20: - | H20: ยกเลิก | I20: - | J20: กฟอ.กำแพงแสน
A21: PPIM1850312B | B21: 20003529869 | C21: วัดสระมงคล | D21: 45557.894 | E21: - | F21: 10 | G21: - | H21: ยกเลิก | I21: - | J21: กฟอ.กำแพงแสน
A22: PPIM18503131 | B22: 20019919565 | C22: นายศุภเทพ ศรีสันต์ | D22: 45557.933 | E22: 45559.461 | F22: 5 | G22: 45593.61 | H22: เชื่อมต่อเรียบร้อยแล้ว | I22: - | J22: กฟอ.กำแพงแสน
A23: PPIM185034A5 | B23: 20003450375 | C23: น.ต.พันธ์ศักดิ์ จันทรชู | D23: 45568.584 | E23: - | F23: 5 | G23: 45603.431 | H23: เชื่อมต่อเรียบร้อยแล้ว | I23: - | J23: กฟอ.กำแพงแสน
A24: PPIM1850350C | B24: 20028043499 | C24: นางสาว เพียงทิพย์ ลาโภดม | D24: 45569.652 | E24: - | F24: 5 | G24: 45576.649 | H24: เชื่อมต่อเรียบร้อยแล้ว | I24: - | J24: กฟอ.กำแพงแสน
A25: PPIM18503483 | B25: 20003554649 | C25: นางสาวดวงดาว แสงสาด | D25: 45568.452 | E25: 45575.71 | F25: 10 | G25: 45594.544 | H25: เชื่อมต่อเรียบร้อยแล้ว | I25: - | J25: กฟอ.กำแพงแสน
A26: PPIM18503B1C | B26: 20027691252 | C26: พงศกร กู๊ดคาร์ จำกัด | D26: 45593.41 | E26: - | F26: 10 | G26: - | H26: ยกเลิก | I26: - | J26: กฟอ.กำแพงแสน
A27: PPIM18503C05 | B27: 20018237455 | C27: น.ส.นิสากร กระแจเหิน | D27: 45595.664 | E27: - | F27: 5 | G27: 45622.588 | H27: เชื่อมต่อเรียบร้อยแล้ว | I27: - | J27: กฟอ.กำแพงแสน
A28: PPIM18503CCA | B28: 20003529869 | C28: วัดสระมงคล | D28: 45599.319 | E28: - | F28: 10 | G28: 45608.409 | H28: เชื่อมต่อเรียบร้อยแล้ว | I28: - | J28: กฟอ.กำแพงแสน
A29: PPIM18503857 | B29: 20003460359 | C29: นายโฆษิต สาตนุรักษ์ | D29: 45581.572 | E29: 45600.61 | F29: 5 | G29: - | H29: เชื่อมต่อเรียบร้อยแล้ว | I29: - | J29: กฟอ.กำแพงแสน
A30: PPIM1850385A | B30: 20002900711 | C30: นายเริงชาย ธนะเกียรติไกร | D30: 45581.579 | E30: 45600.611 | F30: 5 | G30: - | H30: เชื่อมต่อเรียบร้อยแล้ว | I30: - | J30: กฟอ.กำแพงแสน
A31: PPIM18503E73 | B31: 20026237992 | C31: นางสาวศิริวรรณ พึ่งประชา | D31: 45604.444 | E31: - | F31: 10 | G31: 45653.567 | H31: เชื่อมต่อเรียบร้อยแล้ว | I31: - | J31: กฟอ.กำแพงแสน
A32: PPIM18503E82 | B32: 20026651986 | C32: บริษัท ทรู มูฟ เอช ยูนิเวอร์แซล คอมมิวนิเคชั่นจำกัด | D32: 45604.505 | E32: - | F32: 6 | G32: - | H32: ยกเลิก | I32: - | J32: กฟอ.กำแพงแสน
A33: PPIM18503FCE | B33: 20003430883 | C33: ธนาคารออมสิน | D33: 45609.61 | E33: - | F33: 5 | G33: - | H33: ยกเลิก | I33: - | J33: กฟอ.กำแพงแสน
A34: PPIM18504038 | B34: 20026429061 | C34: น.ส.ชลลดา พันธุ์โพธิ์ | D34: 45610.54 | E34: - | F34: 3.325 | G34: - | H34: ยกเลิก | I34: - | J34: กฟอ.กำแพงแสน
A35: PPIM185040A4 | B35: 20027691252 | C35: บริษัท พงศกร กู๊ดคาร์ จำกัด | D35: 45611.486 | E35: - | F35: 10 | G35: 45628.388 | H35: เชื่อมต่อเรียบร้อยแล้ว | I35: - | J35: กฟอ.กำแพงแสน
A36: PPIM185041D7 | B36: 20003430883 | C36: ธนาคารออมสิน สาขากำแพงแสน | D36: 45616.494 | E36: - | F36: 5 | G36: 45622.494 | H36: เชื่อมต่อเรียบร้อยแล้ว | I36: - | J36: กฟอ.กำแพงแสน
A37: PPIM185042B8 | B37: 20003529609 | C37: นาย เสริม มีผิวหอม | D37: 45618.663 | E37: - | F37: 15 | G37: - | H37: ยกเลิก | I37: - | J37: กฟอ.กำแพงแสน
A38: PPIM1850433F | B38: 20003491688 | C38: บริษัท ดี.ดี อินฟราสตรัคเจอร์ จำกัด | D38: 45621.937 | E38: - | F38: 15 | G38: - | H38: ยกเลิก | I38: - | J38: กฟอ.กำแพงแสน
A39: PPIM185043D7 | B39: 20003491688 | C39: ที่ว่าการอำเภอกำแพงแสน | D39: 45624.452 | E39: - | F39: 15 | G39: - | H39: ยกเลิก | I39: - | J39: กฟอ.กำแพงแสน
A40: PPIM1850452B | B40: 20026575518 | C40: นาย กาญ บุตรน้ำเพชร์ | D40: 45629.637 | E40: - | F40: 10 | G40: - | H40: ยกเลิก | I40: - | J40: กฟอ.กำแพงแสน
A41: PPIM18504532 | B41: 20003592133 | C41: นาย วิโรจน์ สุขประเสริฐ | D41: 45629.656 | E41: - | F41: 5 | G41: - | H41: ยกเลิก | I41: - | J41: กฟอ.กำแพงแสน
A42: PPIM185045A1 | B42: 20003491688 | C42: ที่ทำการปกครองอำเภอกำแพงแสน | D42: 45631.901 | E42: - | F42: 15 | G42: - | H42: ยกเลิก | I42: - | J42: กฟอ.กำแพงแสน
A43: PPIM1850497B | B43: 20003491688 | C43: ที่ว่าการอำเภอกำแพงแสน | D43: 45649.903 | E43: - | F43: 15 | G43: - | H43: ยกเลิก | I43: - | J43: กฟอ.กำแพงแสน
A44: PPIM18504999 | B44: 20003491688 | C44: ที่ว่าการอำเภอกำแพงแสน | D44: 45650.572 | E44: 45652.405 | F44: 15 | G44: 45660.442 | H44: เชื่อมต่อเรียบร้อยแล้ว | I44: - | J44: กฟอ.กำแพงแสน
A45: PPIM19500263 | B45: 20027143177 | C45: นายทวีศักดิ์ ดิษยบุตร | D45: 45670.449 | E45: 45681.577 | F45: 5 | G45: 45702.457 | H45: เชื่อมต่อเรียบร้อยแล้ว | I45: - | J45: กฟอ.กำแพงแสน
A46: PPIM19500779 | B46: 20022505499 | C46: นายมณตรี จันธรานนท์ | D46: 45688.599 | E46: - | F46: 5 | G46: - | H46: ยกเลิก | I46: - | J46: กฟอ.กำแพงแสน
A47: PPIM19500B6A | B47: 20027836544 | C47: นางชลธิชา เกตุจินดา | D47: 45705.501 | E47: - | F47: 10 | G47: - | H47: เชื่อมต่อเรียบร้อยแล้ว | I47: - | J47: กฟอ.กำแพงแสน
A48: PPIM19500B6B | B48: 20002900711 | C48: นายเริงชาย ธนะเกียรติไกร | D48: 45705.503 | E48: - | F48: 5 | G48: - | H48: ยกเลิก | I48: - | J48: กฟอ.กำแพงแสน
A49: PPIM195012F9 | B49: 20003146908 | C49: นายอำนวย ทวีทรัพย์ไพบูลย์ | D49: 45730.586 | E49: - | F49: 5 | G49: 45751.551 | H49: รอแก้ไขเอกสารหลังอนุมัติเชื่อมต่อ / รับพิจารณา | I49: - | J49: กฟอ.กำแพงแสน
A50: PPIM19501342 | B50: 20003509645 | C50: นายธีรพงศ์ อางนานนท์ | D50: 45731.707 | E50: 45736.868 | F50: 15 | G50: 45748.593 | H50: เชื่อมต่อเรียบร้อยแล้ว | I50: - | J50: กฟอ.กำแพงแสน
A51: PPIM195029F7 | B51: 20003337661 | C51: ทวีสิน บุญเสน่ห์ | D51: 45812.852 | E51: - | F51: 5 | G51: - | H51: ยกเลิก | I51: - | J51: กฟอ.กำแพงแสน
A52: PPIM19502BB6 | B52: 20027466123 | C52: น.ส.วุฒิภัทร กุลจิราโภคิณ | D52: 45818.858 | E52: - | F52: 8 | G52: - | H52: ยกเลิก | I52: - | J52: กฟอ.กำแพงแสน
A53: PPIM19502FBB | B53: 20003430801 | C53: องค์การบริหารส่วนตำบลห้สยขวาง | D53: 45832.462 | E53: - | F53: 15 | G53: - | H53: ยกเลิก | I53: - | J53: กฟอ.กำแพงแสน
A54: PPIM1950311D | B54: 20003495881 | C54: องค์การบริหารส่วนตำบลห้วยขวาง | D54: 45835.635 | E54: - | F54: 15 | G54: - | H54: ยกเลิก | I54: - | J54: กฟอ.กำแพงแสน
A55: PPIM1950320A | B55: 20003495881 | C55: องค์การบริหารส่วนตำบลห้วยขวาง | D55: 45839.453 | E55: 45840.73 | F55: 15 | G55: 45842.49 | H55: เชื่อมต่อเรียบร้อยแล้ว | I55: - | J55: กฟอ.กำแพงแสน
A56: PPIM19502100 | B56: 20025992163 | C56: นายสมยศ เล้าทวีทรัพย์ | D56: 45782.938 | E56: 45841.885 | F56: 20 | G56: 45933.62 | H56: รอดำเนินการหลังอนุมัติเชื่อมต่อ / รับพิจารณา | I56: - | J56: กฟอ.กำแพงแสน
A57: PPIM195036EA | B57: 20003449699 | C57: องค์การบริหารส่วนตำบลทุ่งกระพังโหม | D57: 45856.499 | E57: - | F57: 15 | G57: - | H57: ยกเลิก | I57: - | J57: กฟอ.กำแพงแสน
A58: PPIM19503815 | B58: 20019463789 | C58: บริษัท ทรู มูฟ เอช ยูนิเวอร์แซล คอมมิวนิเคชั่น จำกัด | D58: 45860.578 | E58: - | F58: 12 | G58: 45876.406 | H58: เชื่อมต่อเรียบร้อยแล้ว | I58: - | J58: กฟอ.กำแพงแสน
A59: PPIM1950381F | B59: 20026651986 | C59: บริษัท ทรู มูฟ เอช ยูนิเวอร์แซล คอมมิวนิเคชั่น จำกัด | D59: 45860.622 | E59: - | F59: 6 | G59: - | H59: ยกเลิก | I59: - | J59: กฟอ.กำแพงแสน
A60: PPIM195038BE | B60: 20003449699 | C60: องค์การบริหารส่วนตำบลทุ่งกระพังโหม | D60: 45861.953 | E60: - | F60: 15 | G60: 45867.536 | H60: เชื่อมต่อเรียบร้อยแล้ว | I60: - | J60: กฟอ.กำแพงแสน
A61: PPIM19503A52 | B61: 20026651986 | C61: บริษัท ทรู มูฟ เอช ยูนิเวอร์แซล คอมมิวนิเคชั่น จำกัด | D61: 45869.485 | E61: - | F61: 6 | G61: 45876.406 | H61: เชื่อมต่อเรียบร้อยแล้ว | I61: - | J61: กฟอ.กำแพงแสน
A62: PPIM19502DB5 | B62: 20026429061 | C62: น.ส.อธิกัญญ์ภัค พันธุ์โพธิ์ | D62: 45825.453 | E62: 45875.451 | F62: 3.325 | G62: - | H62: รอชำระเงิน | I62: - | J62: กฟอ.กำแพงแสน
A63: PPIM19503FBD | B63: 20025210557 | C63: นายธนพล คุปตานนท์ | D63: 45889.449 | E63: - | F63: 10 | G63: 45986.651 | H63: รอดำเนินการหลังอนุมัติเชื่อมต่อ / รับพิจารณา | I63: - | J63: กฟอ.กำแพงแสน
A64: PPIM1950415A | B64: 20028515185 | C64: นายนาวิน เทียนเสม | D64: 45894.622 | E64: - | F64: 5 | G64: 45944.576 | H64: รอดำเนินการหลังอนุมัติเชื่อมต่อ / รับพิจารณา | I64: - | J64: กฟอ.กำแพงแสน
A65: PPIM19504181 | B65: 20026256636 | C65: นางสาวดนชิดา วาทินพุฒิพร | D65: 45894.713 | E65: - | F65: 6 | G65: - | H65: ยกเลิก | I65: - | J65: กฟอ.กำแพงแสน
A66: PPIM19504387 | B66: 20017164462 | C66: นาย ศรีตระกูล ชมภูพงศ์ | D66: 45902.619 | E66: - | F66: 20 | G66: 45986.651 | H66: รอดำเนินการหลังอนุมัติเชื่อมต่อ / รับพิจารณา | I66: - | J66: กฟอ.กำแพงแสน
A67: PPIM19504394 | B67: 20003516161 | C67: นาย ศรีตระกูล ชมภูพงศ์ | D67: 45902.666 | E67: - | F67: 20 | G67: - | H67: ยกเลิก | I67: - | J67: กฟอ.กำแพงแสน
A68: PPIM1950456E | B68: 20002825414 | C68: สุภาพรรณ ภู่เพนียด | D68: 45909.579 | E68: - | F68: 5 | G68: - | H68: ยกเลิก | I68: - | J68: กฟอ.กำแพงแสน
A69: PPIM195045BA | B69: 20028543453 | C69: นายพิพัฒน์ บัวเรืองสกุล | D69: 45910.422 | E69: - | F69: 3.3 | G69: - | H69: ยกเลิก | I69: - | J69: กฟอ.กำแพงแสน
A70: PPIM1950460E | B70: 20017911018 | C70: แพนโอเรียนท์เอ็นเนอยี่(สยาม)ลิมิเต็ด | D70: 45911.359 | E70: - | F70: 5 | G70: - | H70: ยกเลิก | I70: - | J70: กฟอ.กำแพงแสน
A71: PPIM195047E3 | B71: 20003443947 | C71: นายพิชัย สุชีวะกุล | D71: 45916.66 | E71: - | F71: 10 | G71: - | H71: ยกเลิก | I71: - | J71: กฟอ.กำแพงแสน
A72: PPIM19504644 | B72: 20003516161 | C72: นาย ศรีตระกูล ชมภูพงศ์ | D72: 45911.592 | E72: 45917.649 | F72: 20 | G72: 45986.651 | H72: รอดำเนินการหลังอนุมัติเชื่อมต่อ / รับพิจารณา | I72: - | J72: กฟอ.กำแพงแสน
A73: PPIM195048D7 | B73: 20028637639 | C73: บริษัท ห้างทองแม่ทองสวย จำกัด | D73: 45919.602 | E73: - | F73: 20 | G73: 45979.418 | H73: รอดำเนินการหลังอนุมัติเชื่อมต่อ / รับพิจารณา | I73: - | J73: กฟอ.กำแพงแสน
A74: PPIM195048DD | B74: 20028543453 | C74: นายพิพัฒน์ บัวเรืองสกุล | D74: 45919.629 | E74: - | F74: 3.3 | G74: - | H74: ยกเลิก | I74: - | J74: กฟอ.กำแพงแสน
A75: PPIM1950483F | B75: 20026256636 | C75: นางสาวดนชิดา วาทินพุฒิพร | D75: 45917.675 | E75: 45922.544 | F75: 6 | G75: - | H75: รอชำระเงิน | I75: - | J75: กฟอ.กำแพงแสน
A76: PPIM19504984 | B76: 20027447742 | C76: ห้างหุ้นส่วนจำกัด คณัสนันท์ เพลส | D76: 45922.61 | E76: - | F76: 20 | G76: 45938.473 | H76: รอดำเนินการหลังอนุมัติเชื่อมต่อ / รับพิจารณา | I76: - | J76: กฟอ.กำแพงแสน
A77: PPIM19504B4A | B77: 20028739356 | C77: นายชัยพัฒน์ อุไรวงค์ | D77: 45927.581 | E77: - | F77: 10 | G77: - | H77: ยกเลิก | I77: - | J77: กฟอ.กำแพงแสน
A78: PPIM19504C24 | B78: 20018639069 | C78: นางชัญพัช กุลดิลก | D78: 45930.874 | E78: - | F78: 12 | G78: - | H78: ยกเลิก | I78: - | J78: กฟอ.กำแพงแสน
A79: PPIM19504C4E | B79: 20022505499 | C79: นายมณตรี จันธรานนท์ | D79: 45931.567 | E79: - | F79: 5 | G79: - | H79: ยกเลิก | I79: - | J79: กฟอ.กำแพงแสน
A80: PPIM19504CFD | B80: 20018639069 | C80: นางชัญพัช กุลดิลก | D80: 45933.552 | E80: - | F80: 12 | G80: 45986.578 | H80: รอตรวจสอบระบบผลิต | I80: - | J80: กฟอ.กำแพงแสน
A81: PPIM19504D50 | B81: 20003426167 | C81: โรงพยาบาลส่งเสริมสุขภาพตำบล ตำบลทุ่งขวาง | D81: 45934.693 | E81: - | F81: 15 | G81: - | H81: ยกเลิก | I81: - | J81: กฟอ.กำแพงแสน
A82: PPIM19504D55 | B82: 20003418805 | C82: โรงพยาบาลส่งเสริมสุขภาพตำบล ตำบลวังน้ำเขียว | D82: 45934.713 | E82: - | F82: 15 | G82: - | H82: ยกเลิก | I82: - | J82: กฟอ.กำแพงแสน
A83: PPIM195054DC | B83: 20028617059 | C83: ภัทรวรรธน์ ว่องไววรพงษ์ | D83: 45962.457 | E83: - | F83: 10 | G83: - | H83: ยกเลิก | I83: - | J83: กฟอ.กำแพงแสน
A84: PPIM195053D6 | B84: 20022505499 | C84: นายมณตรี จันธรานนท์ | D84: 45959.469 | E84: 45971.701 | F84: 5 | G84: - | H84: รอชำระเงิน | I84: - | J84: กฟอ.กำแพงแสน
A85: PPIM19505871 | B85: 20028891272 | C85: นายสุนันเทพ พึ่งอุทัย | D85: 45974.669 | E85: - | F85: 2 | G85: - | H85: รอผู้ยื่นคำขอส่งเอกสารแก้ไข | I85: - | J85: กฟอ.กำแพงแสน
A86: PPIM19505996 | B86: 20028739356 | C86: นายชัยพัฒน์ อุไรวงค์ | D86: 45979.49 | E86: - | F86: 10 | G86: - | H86: รอตรวจสอบคำขอ | I86: - | J86: กฟอ.กำแพงแสน
A87: PPIM19505A0E | B87: 20017328082 | C87: ห้างหุ้นส่วนจำกัด เรือนแก้ว อพาร์ทเมนท์ | D87: 45980.64 | E87: - | F87: 20 | G87: - | H87: รอตรวจสอบคำขอ | I87: - | J87: กฟอ.กำแพงแสน
A88: PPIM195053E9 | B88: 20028543453 | C88: นายพิพัฒน์ บัวเรืองสกุล | D88: 45959.571 | E88: 45981.581 | F88: 3.3 | G88: - | H88: รออนุมัติเชื่อมต่อ/รับพิจารณา | I88: อฝ./ผจก. | J88: กฟอ.กำแพงแสน

Sheet กฟส สามพราน
A2: เลขที่คำขอ | B2: หมายเลข CA | C2: ชื่อผู้ใช้ไฟฟ้า | D2: วันที่ยื่นคำขอ | E2: วันที่ยื่นแก้ไขคำขอ | F2: กำลังการผลิต (kW) | G2: วันที่ชำระเงิน | H2: สถานะคำขอ | J2: พื้นที่ กฟฟ. | L2: รวม | M2: =COUNT(B:B) -> 293 | N2: ราย
A3: PPIM1850003B | B3: 20026098543 | C3: นาย กิติพงษ์ กิจเจริญ | D3: 45307.747 | E3: - | F3: 6.588 | G3: 45372.49 | H3: เชื่อมต่อเรียบร้อยแล้ว | I3: - | J3: กฟอ.สามพราน | L3: รอตรวจสอบคำขอ | M3: =COUNTIF(H:H,"รอตรวจสอบคำขอ") -> 24 | N3: ราย
A4: PPIM185001AA | B4: 20026418170 | C4: นายมณฑล แววับ | D4: 45317.931 | E4: - | F4: 2.562 | G4: - | H4: ยกเลิก | I4: - | J4: กฟอ.สามพราน | L4: ยกเลิก | M4: =COUNTIF(H:H,"ยกเลิก") -> 214 | N4: ราย
A5: PPIM18500394 | B5: 20026643143 | C5: นางสุภัสรา อยู่สุข | D5: 45329.609 | E5: - | F5: 10 | G5: - | H5: ยกเลิก | I5: - | J5: กฟอ.สามพราน | L5: รอผู้ยื่นคำขอส่งเอกสารแก้ไข | M5: =COUNTIF(H:H,"รอผู้ยื่นคำขอส่งเอกสารแก้ไข") -> 0 | N5: ราย
A6: PPIM185007C5 | B6: 20003249820 | C6: นางเตือนจิตต์ แซ่เล้า | D6: 45357.983 | E6: - | F6: 5 | G6: - | H6: ยกเลิก | I6: - | J6: กฟอ.สามพราน | L6: รอชำระเงิน | M6: =COUNTIF(H:H,"รอชำระเงิน") -> 2 | N6: ราย | O6: (รวม รอ หผ / อก / ผจก อนุมัติ ด้วย) | R6: รอ อนุมัติ
A7: PPIM185007C6 | B7: 20003385654 | C7: นางสาวจุฑาทิพย์ ติยะวัชรพงศ์ | D7: 45358.354 | E7: - | F7: 10 | G7: - | H7: ยกเลิก | I7: - | J7: กฟอ.สามพราน | L7: รออนุมัติเชื่อมต่อ/รับพิจารณา | M7: =COUNTIF(H:H,"รออนุมัติเชื่อมต่อ/รับพิจารณา")+COUNTIF(H:H,"รอ หผ. อนุมัติ")+COUNTIF(H:H,"รอ ผจก./อก. อนุมัติ") -> 0 | N7: ราย
A8: PPIM185009F8 | B8: 20026418170 | C8: นายมณฑล แวววับ | D8: 45372.479 | E8: - | F8: 2.562 | G8: 45393.572 | H8: เชื่อมต่อเรียบร้อยแล้ว | I8: - | J8: กฟอ.สามพราน | L8: รอดำเนินการหลังอนุมัติเชื่อมต่อ / รับพิจารณา | M8: =COUNTIF(H:H,"รอดำเนินการหลังอนุมัติเชื่อมต่อ / รับพิจารณา") -> 4 | N8: ราย
A9: PPIM18500EF3 | B9: 20026477902 | C9: น.ส.กนก แจ่มเจริญ | D9: 45409.702 | E9: - | F9: 4 | G9: 45428.435 | H9: เชื่อมต่อเรียบร้อยแล้ว | I9: - | J9: กฟอ.สามพราน | L9: รอแก้ไขเอกสารหลังอนุมัติเชื่อมต่อ / รับพิจารณา | M9: =COUNTIF(H:H,"รอแก้ไขเอกสารหลังอนุมัติเชื่อมต่อ / รับพิจารณา") -> 3 | N9: ราย
A10: PPIM18500FC8 | B10: 20026643143 | C10: นางสุภัสรา อยู่สุข | D10: 45414.786 | E10: - | F10: 10 | G10: 45429.637 | H10: เชื่อมต่อเรียบร้อยแล้ว | I10: - | J10: กฟอ.สามพราน | L10: รออนุมัติเชื่อมต่อ (200 kW ขึ้นไป) | M10: =COUNTIF(H:H,"รออนุมัติเชื่อมต่อ (200 kW ขึ้นไป)") -> 0 | N10: ราย
A11: PPIM18501312 | B11: 20003385654 | C11: นางสาวจุฑาทิพย์ ติยะวัชรพงศ์ | D11: 45433.658 | E11: - | F11: 10 | G11: - | H11: ยกเลิก | I11: - | J11: กฟอ.สามพราน | L11: รอตรวจสอบระบบผลิต | M11: =COUNTIF(H:H,"รอตรวจสอบระบบผลิต") -> 2 | N11: ราย
A12: PPIM185013C9 | B12: 20024958951 | C12: นายชุมพล บุนนาค | D12: 45437.464 | E12: - | F12: 10 | G12: - | H12: ยกเลิก | I12: - | J12: กฟอ.สามพราน | L12: รอทดสอบเชื่อมต่อ | M12: =COUNTIF(H:H,"รอทดสอบเชื่อมต่อ") -> 0 | N12: ราย
A13: PPIM185013FA | B13: 20002913727 | C13: นาง บาหยัน สุพรรณมี | D13: 45439.156 | E13: - | F13: 5 | G13: - | H13: ยกเลิก | I13: - | J13: กฟอ.สามพราน | L13: รออนุมัติแจ้งวันเริ่มเชื่อมต่อ | M13: =COUNTIF(H:H,"รออนุมัติแจ้งวันเริ่มเชื่อมต่อ") -> 0 | N13: ราย
A14: PPIM185011EE | B14: 20003085201 | C14: นายอธิพร กอวัฒนา | D14: 45428.496 | E14: 45443.542 | F14: 6 | G14: 45455.418 | H14: เชื่อมต่อเรียบร้อยแล้ว | I14: - | J14: กฟอ.สามพราน | L14: เชื่อมต่อเรียบร้อยแล้ว | M14: =COUNTIF(H:H,"เชื่อมต่อเรียบร้อยแล้ว") -> 44 | N14: ราย
A15: PPIM185015E5 | B15: 20024958951 | C15: นายชุมพล บุนนาค | D15: 45448.625 | E15: - | F15: 10 | G15: - | H15: ยกเลิก | I15: - | J15: กฟอ.สามพราน
A16: PPIM185010C3 | B16: 20025559002 | C16: นาย พลภัทร วัฒนพงษ์ | D16: 45421.485 | E16: 45448.647 | F16: 2 | G16: 45540.523 | H16: เชื่อมต่อเรียบร้อยแล้ว | I16: - | J16: กฟอ.สามพราน
A17: PPIM18501300 | B17: 20020717757 | C17: วีรวรรณ ภูษณะพงษ์ | D17: 45433.525 | E17: 45448.949 | F17: 15 | G17: 45475.635 | H17: เชื่อมต่อเรียบร้อยแล้ว | I17: - | J17: กฟอ.สามพราน
A18: PPIM185016CD | B18: 20024958951 | C18: นายชุมพล บุนนาค | D18: 45453.489 | E18: - | F18: 10 | G18: - | H18: ยกเลิก | I18: - | J18: กฟอ.สามพราน
A19: PPIM18501744 | B19: 20017983829 | C19: นายพณสรรค์ กิจสวัสดิ์ | D19: 45454.989 | E19: - | F19: 4 | G19: - | H19: ยกเลิก | I19: - | J19: กฟอ.สามพราน
A20: PPIM185017E6 | B20: 20024648425 | C20: นางกฤตพร สังข์รักษา | D20: 45457.59 | E20: - | F20: 5 | G20: - | H20: ยกเลิก | I20: - | J20: กฟอ.สามพราน
A21: PPIM18501A6B | B21: 20024648425 | C21: นางกฤตพร สังข์รักษา | D21: 45469.502 | E21: - | F21: 5 | G21: - | H21: ยกเลิก | I21: - | J21: กฟอ.สามพราน
A22: PPIM1850151F | B22: 20002913727 | C22: นาง บาหยัน สุพรรณมี | D22: 45443.395 | E22: 45471.275 | F22: 5 | G22: 45478.401 | H22: เชื่อมต่อเรียบร้อยแล้ว | I22: - | J22: กฟอ.สามพราน
A23: PPIM18501DDE | B23: 20003385654 | C23: นางสาวจุฑาทิพย์ ติยะวัชรพงศ์ | D23: 45484.453 | E23: - | F23: 10 | G23: - | H23: ยกเลิก | I23: - | J23: กฟอ.สามพราน
A24: PPIM18501E4C | B24: 20019066534 | C24: บริษัท เอสซอม จำกัด | D24: 45485.549 | E24: 45498.581 | F24: 20 | G24: - | H24: ยกเลิก | I24: - | J24: กฟอ.สามพราน
A25: PPIM185021E3 | B25: 20003334716 | C25: ธนาคารออมสิน | D25: 45498.713 | E25: - | F25: 10 | G25: - | H25: ยกเลิก | I25: - | J25: กฟอ.สามพราน
A26: PPIM18502077 | B26: 20003360699 | C26: บริษัท ทองไทย เอ็นจิเนียริ่ง (1992) จำกัด | D26: 45493.524 | E26: 45504.439 | F26: 20 | G26: 45531.538 | H26: เชื่อมต่อเรียบร้อยแล้ว | I26: - | J26: กฟอ.สามพราน
A27: PPIM18501D3F | B27: 20003124084 | C27: นาง รุจิรัตน์ ซิ้มเจริญ | D27: 45482.4 | E27: 45504.603 | F27: 5 | G27: - | H27: ยกเลิก | I27: - | J27: กฟอ.สามพราน
A28: PPIM18501D0C | B28: 20027681616 | C28: นายเฉลิมพร บุญขุนยัง | D28: 45481.592 | E28: 45504.611 | F28: 5 | G28: - | H28: ยกเลิก | I28: - | J28: กฟอ.สามพราน
A29: PPIM1850232E | B29: 20003385654 | C29: นางสาวจุฑาทิพย์ ติยะวัชรพงศ์ | D29: 45505.58 | E29: - | F29: 10 | G29: - | H29: ยกเลิก | I29: - | J29: กฟอ.สามพราน
A30: PPIM18502484 | B30: 20027832751 | C30: นายไพฑูลย์ หงษา | D30: 45512.773 | E30: - | F30: 3 | G30: - | H30: ยกเลิก | I30: - | J30: กฟอ.สามพราน
A31: PPIM18502512 | B31: 20026866591 | C31: นางสาวชมพูนุท ทองม่วง | D31: 45514.997 | E31: - | F31: 10 | G31: - | H31: ยกเลิก | I31: - | J31: กฟอ.สามพราน
A32: PPIM1850260A | B32: 20020971333 | C32: บุศรา กรรณรัตนสูตร | D32: 45518.835 | E32: - | F32: 10 | G32: - | H32: ยกเลิก | I32: - | J32: กฟอ.สามพราน
A33: PPIM1850271D | B33: 20027337292 | C33: กิตติพงษ์ เชาวนวิรัตน์ | D33: 45523.452 | E33: - | F33: 15 | G33: - | H33: เชื่อมต่อเรียบร้อยแล้ว | I33: - | J33: กฟอ.สามพราน
A34: PPIM18501CE0 | B34: 20025864204 | C34: นาย กมลพัฒน์ จิระพันธ์ทิพย์ | D34: 45481.387 | E34: 45526.368 | F34: 3 | G34: 45539.645 | H34: เชื่อมต่อเรียบร้อยแล้ว | I34: - | J34: กฟอ.สามพราน
A35: PPIM18502814 | B35: 20020184213 | C35: นายพลิศวร์ รัตนสวัสดิ์ | D35: 45525.758 | E35: 45530.369 | F35: 20 | G35: 45530.649 | H35: เชื่อมต่อเรียบร้อยแล้ว | I35: - | J35: กฟอ.สามพราน
A36: PPIM185028DB | B36: 20003043484 | C36: นางจุฑารัตน์ เสนาคำ | D36: 45528.603 | E36: 45530.61 | F36: 10 | G36: 45537.588 | H36: เชื่อมต่อเรียบร้อยแล้ว | I36: - | J36: กฟอ.สามพราน
A37: PPIM18502962 | B37: 20026287827 | C37: สมฤดี เนื้อนิ่ม | D37: 45530.895 | E37: - | F37: 20 | G37: - | H37: ยกเลิก | I37: - | J37: กฟอ.สามพราน
A38: PPIM185029CF | B38: 20026287827 | C38: บริษัท ตลาดสดฟาร์มสมบูรณ์ จำกัด | D38: 45532.251 | E38: - | F38: 20 | G38: - | H38: ยกเลิก | I38: - | J38: กฟอ.สามพราน
A39: PPIM18502A79 | B39: 20020914714 | C39: นาง ศิริพรรณ จันธนะตระกูล | D39: 45533.7 | E39: - | F39: 5 | G39: - | H39: ยกเลิก | I39: - | J39: กฟอ.สามพราน
A40: PPIM18502670 | B40: 20026866591 | C40: นางสาวชมพูนุท ทองม่วง | D40: 45519.957 | E40: 45533.907 | F40: 10 | G40: - | H40: ยกเลิก | I40: - | J40: กฟอ.สามพราน
A41: PPIM18502AF0 | B41: 20003025330 | C41: บริษัท.โตฟู โออิชิ ฟู้ดส์โปรดัคท์ จำกัด | D41: 45535.496 | E41: - | F41: 20 | G41: - | H41: ยกเลิก | I41: - | J41: กฟอ.สามพราน
A42: PPIM18502AF1 | B42: 20022422039 | C42: บริษัท แด๊บโก้ อินเตอร์เทรด จำกัด | D42: 45535.502 | E42: - | F42: 10 | G42: - | H42: ยกเลิก | I42: - | J42: กฟอ.สามพราน
A43: PPIM18502BD8 | B43: 20023263667 | C43: น.ส. อภิรดี โพธิ์ถนอม | D43: 45538.885 | E43: - | F43: 16 | G43: - | H43: ยกเลิก | I43: - | J43: กฟอ.สามพราน
A44: PPIM185028F5 | B44: 20003249820 | C44: นางเตือนจิตต์ แช่เล้า | D44: 45529.067 | E44: 45539.006 | F44: 5 | G44: - | H44: ยกเลิก | I44: - | J44: กฟอ.สามพราน
A45: PPIM18502149 | B45: 20017983829 | C45: นายพณสรรค์ กิจสวัสดิ์ | D45: 45497.499 | E45: 45542.936 | F45: 4 | G45: 45559.557 | H45: เชื่อมต่อเรียบร้อยแล้ว | I45: - | J45: กฟอ.สามพราน
A46: PPIM18502D71 | B46: 20024938243 | C46: นางสาวศรีกมล เเก้วศรีทัศน์ | D46: 45545.468 | E46: - | F46: 3 | G46: - | H46: ยกเลิก | I46: - | J46: กฟอ.สามพราน
A47: PPIM18502B64 | B47: 20021932134 | C47: นาง ภิญญาพัชญ์ พิพัฒน์ทนาการ | D47: 45537.644 | E47: 45547.444 | F47: 20 | G47: - | H47: ยกเลิก | I47: - | J47: กฟอ.สามพราน
A48: PPIM18502E28 | B48: 20020835835 | C48: นาย มงคล ตรีศิริพิศาล | D48: 45547.528 | E48: - | F48: 10 | G48: - | H48: ยกเลิก | I48: - | J48: กฟอ.สามพราน
A49: PPIM18502E91 | B49: 20027717341 | C49: นาย เดชา ชุณหเจริญ | D49: 45548.484 | E49: - | F49: 3 | G49: - | H49: ยกเลิก | I49: - | J49: กฟอ.สามพราน
A50: PPIM18502F9C | B50: 20023263667 | C50: อภิรดี โพธิ์ถนอม | D50: 45552.584 | E50: - | F50: 16 | G50: - | H50: ยกเลิก | I50: - | J50: กฟอ.สามพราน
A51: PPIM18502FD3 | B51: 20027152642 | C51: บริษัท วี 45 กรุ๊ป จำกัด | D51: 45553.478 | E51: - | F51: 20 | G51: - | H51: ยกเลิก | I51: - | J51: กฟอ.สามพราน
A52: PPIM185030A9 | B52: 20026955832 | C52: บริษัท ชนะสุ พร๊อพเพอร์ตี๊ จำกัด | D52: 45555.463 | E52: - | F52: 15 | G52: - | H52: ยกเลิก | I52: - | J52: กฟอ.สามพราน
A53: PPIM18502D09 | B53: 20002849278 | C53: นางสาวอำไพ ไทยสาครพันธ์ | D53: 45543.594 | E53: 45555.604 | F53: 5 | G53: 45575.487 | H53: เชื่อมต่อเรียบร้อยแล้ว | I53: - | J53: กฟอ.สามพราน
A54: PPIM185030ED | B54: 20023263667 | C54: นางสาวอภิรดี โพธิ์ถนอม | D54: 45555.773 | E54: - | F54: 16 | G54: - | H54: ยกเลิก | I54: - | J54: กฟอ.สามพราน
A55: PPIM18503119 | B55: 20025357098 | C55: นาย สมคิด พาละแพน | D55: 45556.721 | E55: - | F55: 5 | G55: - | H55: ยกเลิก | I55: - | J55: กฟอ.สามพราน
A56: PPIM1850319C | B56: 20020971333 | C56: บุศรา กรรณรัตนสูตร | D56: 45558.769 | E56: - | F56: 10 | G56: - | H56: ยกเลิก | I56: - | J56: กฟอ.สามพราน
A57: PPIM185031F4 | B57: 20025644302 | C57: นายพรเทพ แสงบุญลือ | D57: 45559.724 | E57: - | F57: 3 | G57: - | H57: ยกเลิก | I57: - | J57: กฟอ.สามพราน
A58: PPIM18503255 | B58: 20025644302 | C58: นายพรเทพ แสงบุญลือ | D58: 45560.725 | E58: - | F58: 3 | G58: - | H58: ยกเลิก | I58: - | J58: กฟอ.สามพราน
A59: PPIM18502E6B | B59: 20003385654 | C59: นางสาวจุฑาทิพย์ ติยะวัชรพงศ์ | D59: 45547.726 | E59: 45561.717 | F59: 10 | G59: 45572.468 | H59: เชื่อมต่อเรียบร้อยแล้ว | I59: - | J59: กฟอ.สามพราน
A60: PPIM18503207 | B60: 20016463046 | C60: นายประวุฒิ จิบโคกหวาย | D60: 45559.853 | E60: 45564.977 | F60: 5 | G60: 45593.61 | H60: เชื่อมต่อเรียบร้อยแล้ว | I60: - | J60: กฟอ.สามพราน
A61: PPIM1850320A | B61: 20027078114 | C61: นายยศวริศ จิบโคกหวาย | D61: 45559.885 | E61: 45564.981 | F61: 20 | G61: 45593.61 | H61: เชื่อมต่อเรียบร้อยแล้ว | I61: - | J61: กฟอ.สามพราน
A62: PPIM18502958 | B62: 20027832751 | C62: นาย ไพฑูลย์ หงษา | D62: 45530.751 | E62: 45565.422 | F62: 3 | G62: 45610.488 | H62: เชื่อมต่อเรียบร้อยแล้ว | I62: - | J62: กฟอ.สามพราน
A63: PPIM18503359 | B63: 20027885962 | C63: นาย พลิศวร์ รัตนสวัสดิ์ | D63: 45565.456 | E63: - | F63: 20 | G63: - | H63: เชื่อมต่อเรียบร้อยแล้ว | I63: - | J63: กฟอ.สามพราน
A64: PPIM18503085 | B64: 20024938243 | C64: นางสาวศรีกมล เเก้วศรีทัศน์ | D64: 45554.754 | E64: 45565.751 | F64: 3 | G64: - | H64: ยกเลิก | I64: - | J64: กฟอ.สามพราน
A65: PPIM185034DB | B65: 20020835335 | C65: นาย มงคล ตรีศิริพิศาล | D65: 45569.339 | E65: - | F65: 10 | G65: - | H65: ยกเลิก | I65: - | J65: กฟอ.สามพราน
A66: PPIM185032D6 | B66: 20024648425 | C66: นาง กฤตพร สังข์รักษา | D66: 45562.606 | E66: 45576.469 | F66: 5 | G66: 45645.593 | H66: เชื่อมต่อเรียบร้อยแล้ว | I66: - | J66: กฟอ.สามพราน
A67: PPIM1850335E | B67: 20025357098 | C67: นายสมคิด พาละแพน | D67: 45565.461 | E67: 45576.687 | F67: 5 | G67: - | H67: ยกเลิก | I67: - | J67: กฟอ.สามพราน
A68: PPIM18503821 | B68: 20023263667 | C68: นางสาวอภิรดี โพธิ์ถนอม | D68: 45580.727 | E68: - | F68: 16 | G68: - | H68: ยกเลิก | I68: - | J68: กฟอ.สามพราน
A69: PPIM18503870 | B69: 20003249820 | C69: นางเตือนจิตต์ แซ่เล้า | D69: 45581.693 | E69: - | F69: 5 | G69: - | H69: ยกเลิก | I69: - | J69: กฟอ.สามพราน
A70: PPIM185039F8 | B70: 20024589094 | C70: นางธรรมรัตน์ ประเสริฐมรรก | D70: 45587.495 | E70: - | F70: 20 | G70: - | H70: ยกเลิก | I70: - | J70: กฟอ.สามพราน
A71: PPIM18503A8C | B71: 20003145589 | C71: สาธารณสุข อำเภอสามพราน | D71: 45589.585 | E71: - | F71: 10 | G71: - | H71: ยกเลิก | I71: - | J71: กฟอ.สามพราน
A72: PPIM18503ADD | B72: 20020846427 | C72: นางเยาวลักษณ์ โสตถิพันธุ์ | D72: 45590.829 | E72: - | F72: 5 | G72: - | H72: ยกเลิก | I72: - | J72: กฟอ.สามพราน
A73: PPIM18503AEE | B73: 20003249820 | C73: นางเตือนจิตต์ แซ่เล้า | D73: 45592.043 | E73: - | F73: 5 | G73: - | H73: ยกเลิก | I73: - | J73: กฟอ.สามพราน
A74: PPIM18503B08 | B74: 20021769205 | C74: นายพัฒนะ แต้มคงคา | D74: 45592.838 | E74: - | F74: 10 | G74: - | H74: ยกเลิก | I74: - | J74: กฟอ.สามพราน
A75: PPIM1850342C | B75: 20020971333 | C75: บุศรา กรรณรัตนสูตร | D75: 45567.587 | E75: 45593.42 | F75: 10 | G75: 45664.658 | H75: เชื่อมต่อเรียบร้อยแล้ว | I75: - | J75: กฟอ.สามพราน
A76: PPIM1850397F | B76: 20020835835 | C76: นาย มงคล ตรีศิริพิศาล | D76: 45586.286 | E76: 45594.32 | F76: 10 | G76: 45645.39 | H76: เชื่อมต่อเรียบร้อยแล้ว | I76: - | J76: กฟอ.สามพราน
A77: PPIM18503C8B | B77: 20024958951 | C77: นายชุมพล บุนนาค | D77: 45597.702 | E77: - | F77: 10 | G77: - | H77: ยกเลิก | I77: - | J77: กฟอ.สามพราน
A78: PPIM18503D4A | B78: 20003145589 | C78: สำนักงานสาธารณสุขอำเภอสามพราน | D78: 45600.855 | E78: - | F78: 10 | G78: - | H78: ยกเลิก | I78: - | J78: กฟอ.สามพราน
A79: PPIM18503B8A | B79: 20024589094 | C79: นางธรรมรัตน์ ประเสริฐมรรก | D79: 45594.397 | E79: 45601.729 | F79: 20 | G79: 45616.431 | H79: เชื่อมต่อเรียบร้อยแล้ว | I79: - | J79: กฟอ.สามพราน
A80: PPIM1850334A | B80: 20026955832 | C80: บริษัท ชนะสุ พร๊อพเพอร์ตี๊ จำกัด | D80: 45564.999 | E80: 45603.709 | F80: 15 | G80: 45628.474 | H80: ยกเลิก | I80: - | J80: กฟอ.สามพราน
A81: PPIM18503E58 | B81: 20023263667 | C81: น.ส. อภิรดี โพธิ์ถนอม | D81: 45603.747 | E81: - | F81: 16 | G81: - | H81: ยกเลิก | I81: - | J81: กฟอ.สามพราน
A82: PPIM18503FF7 | B82: 20002842940 | C82: ชลอ พุฒเจริญ | D82: 45609.787 | E82: - | F82: 5 | G82: - | H82: ยกเลิก | I82: - | J82: กฟอ.สามพราน
A83: PPIM18504093 | B83: 20027152642 | C83: บริษัท วี 45 กรุ๊ป จำกัด | D83: 45611.424 | E83: - | F83: 20 | G83: - | H83: ยกเลิก | I83: - | J83: กฟอ.สามพราน
A84: PPIM185040D0 | B84: 20025644302 | C84: นายพรเทพ แสงบุญลือ | D84: 45611.694 | E84: - | F84: 3 | G84: - | H84: ยกเลิก | I84: - | J84: กฟอ.สามพราน
A85: PPIM18504137 | B85: 20026652009 | C85: บริษัท ทรู มูฟ เอช ยูนิเวอร์แซล คอมมิวนิเคชั่น จำกัด | D85: 45614.496 | E85: - | F85: 12 | G85: - | H85: ยกเลิก | I85: - | J85: กฟอ.สามพราน
A86: PPIM18504147 | B86: 20003145589 | C86: สำนักงานสาธารณสุขอำเภอสามพราน | D86: 45614.585 | E86: - | F86: 10 | G86: - | H86: ยกเลิก | I86: - | J86: กฟอ.สามพราน
A87: PPIM1850415F | B87: 20020914714 | C87: นางศิริพรรณ จันธนะตระกูล | D87: 45614.68 | E87: - | F87: 5 | G87: - | H87: ยกเลิก | I87: - | J87: กฟอ.สามพราน
A88: PPIM185034F1 | B88: 20024938243 | C88: นางสาวศรีกมล เเก้วศรีทัศน์ | D88: 45569.474 | E88: 45615.632 | F88: 3 | G88: - | H88: ยกเลิก | I88: - | J88: กฟอ.สามพราน
A89: PPIM185042A2 | B89: 20027717341 | C89: นาย เดชา ชุณหเจริญ | D89: 45618.598 | E89: - | F89: 3 | G89: - | H89: ยกเลิก | I89: - | J89: กฟอ.สามพราน
A90: PPIM1850430A | B90: 20027152642 | C90: บริษัท วี 45 กรุ๊ป จำกัด | D90: 45621.474 | E90: - | F90: 20 | G90: - | H90: ยกเลิก | I90: - | J90: กฟอ.สามพราน
A91: PPIM1850437E | B91: 20017746865 | C91: น.ส.ธัญญรัศม์ โชตศิริพัชรกุล | D91: 45622.97 | E91: - | F91: 5 | G91: - | H91: ยกเลิก | I91: - | J91: กฟอ.สามพราน
A92: PPIM185043BB | B92: 20020846427 | C92: นางเยาวลักษณ์ โสตถิพันธุ์ | D92: 45623.792 | E92: - | F92: 5 | G92: - | H92: ยกเลิก | I92: - | J92: กฟอ.สามพราน
A93: PPIM18503B3F | B93: 20021169036 | C93: นาย วีรวัฒน์ ชะวาเขียว | D93: 45593.521 | E93: 45629.043 | F93: 5 | G93: 45642.384 | H93: เชื่อมต่อเรียบร้อยแล้ว | I93: - | J93: กฟอ.สามพราน
A94: PPIM185045F2 | B94: 20027793794 | C94: ชวลิต พุฒเจริญ | D94: 45633.656 | E94: - | F94: 5 | G94: - | H94: ยกเลิก | I94: - | J94: กฟอ.สามพราน
A95: PPIM1850460F | B95: 20027152642 | C95: บริษัท วี 45 กรุ๊ป จำกัด | D95: 45635.481 | E95: - | F95: 20 | G95: - | H95: ยกเลิก | I95: - | J95: กฟอ.สามพราน
A96: PPIM18504625 | B96: 20003145589 | C96: สำนักงานสาธารณสุขอำเภอสามพราน | D96: 45635.633 | E96: - | F96: 10 | G96: - | H96: ยกเลิก | I96: - | J96: กฟอ.สามพราน
A97: PPIM18503A26 | B97: 20027939140 | C97: นายธวัช พานทอง | D97: 45587.685 | E97: 45636.603 | F97: 5 | G97: 45685.565 | H97: รอดำเนินการหลังอนุมัติเชื่อมต่อ / รับพิจารณา | I97: - | J97: กฟอ.สามพราน
A98: PPIM18503503 | B98: 20003334716 | C98: ธนาคารออมสิน | D98: 45569.609 | E98: 45637.446 | F98: 10 | G98: 45651.46 | H98: เชื่อมต่อเรียบร้อยแล้ว | I98: - | J98: กฟอ.สามพราน
A99: PPIM1850416F | B99: 20003249820 | C99: นางเตือนจิตต์ แซ่เล้า | D99: 45614.935 | E99: 45642.088 | F99: 5 | G99: 45691.517 | H99: เชื่อมต่อเรียบร้อยแล้ว | I99: - | J99: กฟอ.สามพราน
A100: PPIM1850480F | B100: 20022325078 | C100: นางสาว วิยะดา สัจจะสกุลชัย | D100: 45643.481 | E100: - | F100: 10 | G100: - | H100: ยกเลิก | I100: - | J100: กฟอ.สามพราน
A101: PPIM1850497A | B101: 20026955832 | C101: บริษัท ชนะสุ พร๊อพเพอร์ตี้ จำกัด | D101: 45649.893 | E101: - | F101: 15 | G101: - | H101: ยกเลิก | I101: - | J101: กฟอ.สามพราน
...

Sheet กฟส บางเลน
A2: เลขที่คำขอ | B2: หมายเลข CA | C2: ชื่อผู้ใช้ไฟฟ้า | D2: วันที่ยื่นคำขอ | E2: วันที่ยื่นแก้ไขคำขอ | F2: กำลังการผลิต (kW) | G2: วันที่ชำระเงิน | H2: สถานะคำขอ | J2: พื้นที่ กฟฟ. | L2: รวม | M2: =COUNT(B:B) -> 52 | N2: ราย
A3: PPIM18500140 | B3: 20023475316 | C3: นางสาว พูลสวัสดิ์ สิงห์ดง | D3: 45315.666 | E3: - | F3: 5 | G3: - | H3: ยกเลิก | I3: - | J3: กฟต.บางหลวง | L3: รอตรวจสอบคำขอ | M3: =COUNTIF(H:H,"รอตรวจสอบคำขอ") -> 14 | N3: ราย
A4: PPIM18500A1F | B4: 20000673517 | C4: นายธวัชชัย แก้วฉลวย | D4: 45373.119 | E4: - | F4: 5 | G4: - | H4: ยกเลิก | I4: - | J4: กฟอ.บางเลน | L4: ยกเลิก | M4: =COUNTIF(H:H,"ยกเลิก") -> 8 | N4: ราย
A5: PPIM18500BE0 | B5: 20003096662 | C5: นายศรีทัย แก้วชมเชย | D5: 45384.762 | E5: - | F5: 5 | G5: - | H5: ยกเลิก | I5: - | J5: กฟต.บางหลวง | L5: รอผู้ยื่นคำขอส่งเอกสารแก้ไข | M5: =COUNTIF(H:H,"รอผู้ยื่นคำขอส่งเอกสารแก้ไข") -> 0 | N5: ราย
A6: PPIM18500BE1 | B6: 20003096662 | C6: นายศรีทัย แก้วชมเชย | D6: 45384.779 | E6: 45489.623 | F6: 5 | G6: 45650.592 | H6: รอดำเนินการหลังอนุมัติเชื่อมต่อ / รับพิจารณา | I6: - | J6: กฟต.บางหลวง | L6: รอชำระเงิน | M6: =COUNTIF(H:H,"รอชำระเงิน") -> 1 | N6: ราย | O6: (รวม รอ หผ / อก / ผจก อนุมัติ ด้วย)
A7: PPIM18500E13 | B7: 20003301273 | C7: นายศิริพงศ์ รักษาพงศ์ | D7: 45404.676 | E7: 45490.658 | F7: 10 | G7: 45575.604 | H7: รอตรวจสอบระบบผลิต | I7: - | J7: กฟต.บางหลวง | L7: รออนุมัติเชื่อมต่อ/รับพิจารณา | M7: =COUNTIF(H:H,"รออนุมัติเชื่อมต่อ/รับพิจารณา")+COUNTIF(H:H,"รอ หผ. อนุมัติ")+COUNTIF(H:H,"รอ ผจก./อก. อนุมัติ") -> 13 | N7: ราย
A8: PPIM18501761 | B8: 20026714597 | C8: นางสาว อรยุภา ทิพยานนท์ | D8: 45456.447 | E8: 45491.526 | F8: 5 | G8: 45572.488 | H8: เชื่อมต่อเรียบร้อยแล้ว | I8: - | J8: กฟอ.บางเลน | L8: รอดำเนินการหลังอนุมัติเชื่อมต่อ / รับพิจารณา | M8: =COUNTIF(H:H,"รอดำเนินการหลังอนุมัติเชื่อมต่อ / รับพิจารณา") -> 3 | N8: ราย
A9: PPIM185020DD | B9: 20003204576 | C9: นายสมศักดิ์ สมกุล | D9: 45495.936 | E9: - | F9: 10 | G9: 45590.642 | H9: รอดำเนินการหลังอนุมัติเชื่อมต่อ / รับพิจารณา | I9: - | J9: กฟอ.บางเลน | L9: รอแก้ไขเอกสารหลังอนุมัติเชื่อมต่อ / รับพิจารณา | M9: =COUNTIF(H:H,"รอแก้ไขเอกสารหลังอนุมัติเชื่อมต่อ / รับพิจารณา") -> 0 | N9: ราย
A10: PPIM185021CB | B10: 20003535101 | C10: ธนาคารออมสิน | D10: 45498.642 | E10: 45513.497 | F10: 10 | G10: 45567.431 | H10: เชื่อมต่อเรียบร้อยแล้ว | I10: - | J10: กฟอ.บางเลน | L10: รออนุมัติเชื่อมต่อ (200 kW ขึ้นไป) | M10: =COUNTIF(H:H,"รออนุมัติเชื่อมต่อ (200 kW ขึ้นไป)") -> 0 | N10: ราย
A11: PPIM1850281D | B11: 20018544538 | C11: นางปุณญพร เทียมสุชาติ | D11: 45525.961 | E11: - | F11: 10 | G11: - | H11: ยกเลิก | I11: - | J11: กฟอ.บางเลน | L11: รอตรวจสอบระบบผลิต | M11: =COUNTIF(H:H,"รอตรวจสอบระบบผลิต") -> 8 | N11: ราย
A12: PPIM1850295C | B12: 20022087542 | C12: นายชัยนรินท์ ธนาสถิตย์วงษ์ | D12: 45530.859 | E12: - | F12: 12 | G12: 45593.61 | H12: รอตรวจสอบระบบผลิต | I12: - | J12: กฟอ.บางเลน | L12: รอทดสอบเชื่อมต่อ | M12: =COUNTIF(H:H,"รอทดสอบเชื่อมต่อ") -> 0 | N12: ราย
A13: PPIM1850295D | B13: 20023247478 | C13: นายชัยนรินท์ ธนาสถิตย์วงษ์ | D13: 45530.865 | E13: - | F13: 20 | G13: 45593.61 | H13: รอตรวจสอบระบบผลิต | I13: - | J13: กฟอ.บางเลน | L13: รออนุมัติแจ้งวันเริ่มเชื่อมต่อ | M13: =COUNTIF(H:H,"รออนุมัติแจ้งวันเริ่มเชื่อมต่อ") -> 0 | N13: ราย
A14: PPIM18502F6B | B14: 20024250642 | C14: เพชรพลอย อัครวัฒนวาณิช | D14: 45552.014 | E14: - | F14: 5 | G14: 45576.565 | H14: เชื่อมต่อเรียบร้อยแล้ว | I14: - | J14: กฟอ.บางเลน | L14: เชื่อมต่อเรียบร้อยแล้ว | M14: =COUNTIF(H:H,"เชื่อมต่อเรียบร้อยแล้ว") -> 5 | N14: ราย
A15: PPIM1850278E | B15: 20026058038 | C15: นายจีระศักดิ์ น้อยพันธุ์ | D15: 45524.503 | E15: 45552.73 | F15: 10 | G15: 45573.46 | H15: รอดำเนินการหลังอนุมัติเชื่อมต่อ / รับพิจารณา | I15: - | J15: กฟต.บางหลวง
A16: PPIM18503E93 | B16: 20026652091 | C16: บริษัท ทรู มูฟ เอช ยูนิเวอร์แซล คอมมิวนิเคชั่น จำกัด | D16: 45604.614 | E16: - | F16: 12 | G16: 45670.581 | H16: เชื่อมต่อเรียบร้อยแล้ว | I16: - | J16: กฟอ.บางเลน
A17: PPIM1850401E | B17: 0 | C17: โรงเรียนวัดลำพญา | D17: 45610.415 | E17: - | F17: 10 | G17: - | H17: ยกเลิก | I17: - | J17: กฟอ.บางเลน
A18: PPIM18504022 | B18: 0 | C18: โรงเรียนบางปลา (เมธีจุลารักษ์) | D18: 45610.424 | E18: - | F18: 10 | G18: - | H18: ยกเลิก | I18: - | J18: กฟอ.บางเลน
A19: PPIM185044C0 | B19: 20003475221 | C19: โรงพยาบาลส่งเสริมสุขภาพตำบลบ้านเกาะแรด | D19: 45628.456 | E19: - | F19: 10 | G19: 45673.537 | H19: เชื่อมต่อเรียบร้อยแล้ว | I19: - | J19: กฟอ.บางเลน
A20: PPIM1850489C | B20: 20019125468 | C20: บริษัท ซิสเต็ม 3 จำกัด | D20: 45645.449 | E20: - | F20: 15 | G20: - | H20: รออนุมัติเชื่อมต่อ/รับพิจารณา | I20: อฝ./ผจก. | J20: กฟต.บางหลวง
A21: PPIM1950005B | B21: 20019679001 | C21: นายสุวิชชาญ เนตรนาค | D21: 45660.633 | E21: - | F21: 12 | G21: - | H21: ยกเลิก | I21: - | J21: กฟอ.บางเลน
A22: PPIM1850339E | B22: 20003583700 | C22: นาย ณรงค์ศักดิ์ ค้าธัญญมงคล | D22: 45565.695 | E22: 45668.484 | F22: 10 | G22: - | H22: รออนุมัติเชื่อมต่อ/รับพิจารณา | I22: อฝ./ผจก. | J22: กฟต.บางหลวง
A23: PPIM18503BB3 | B23: 20026021180 | C23: นางสุรัตน์ ไชยพันธุ์ | D23: 45594.645 | E23: 45669.481 | F23: 5 | G23: - | H23: ยกเลิก | I23: - | J23: กฟต.บางหลวง
A24: PPIM1850474A | B24: 20003471273 | C24: ดวงเนตร ชดช้อย | D24: 45639.661 | E24: 45670.498 | F24: 5 | G24: - | H24: รออนุมัติเชื่อมต่อ/รับพิจารณา | I24: อฝ./ผจก. | J24: กฟต.บางหลวง
A25: PPIM1950006B | B25: 20026053865 | C25: นางสาว ฎารารัตน์ กลิ่นจันทร์คลาย | D25: 45661.38 | E25: 45674.463 | F25: 15 | G25: - | H25: รออนุมัติเชื่อมต่อ/รับพิจารณา | I25: อฝ./ผจก. | J25: กฟอ.บางเลน
A26: PPIM19500344 | B26: 20026373472 | C26: นางสาวดวงใจ ศักดิ์ศรี | D26: 45672.658 | E26: 45674.658 | F26: 3 | G26: - | H26: รออนุมัติเชื่อมต่อ/รับพิจารณา | I26: อฝ./ผจก. | J26: กฟอ.บางเลน
A27: PPIM195005DA | B27: 20016470166 | C27: นาง ธนวันต์ ชื่นใจดี | D27: 45681.567 | E27: 45691.449 | F27: 3 | G27: - | H27: รออนุมัติเชื่อมต่อ/รับพิจารณา | I27: อฝ./ผจก. | J27: กฟอ.บางเลน
A28: PPIM1950097E | B28: 20003120573 | C28: นายสำเนียง มีถาวร | D28: 45696.679 | E28: - | F28: 5 | G28: - | H28: รออนุมัติเชื่อมต่อ/รับพิจารณา | I28: อฝ./ผจก. | J28: กฟอ.บางเลน
A29: PPIM195011E1 | B29: 20027944804 | C29: นายเปม ราคา | D29: 45727.675 | E29: - | F29: 5 | G29: - | H29: รออนุมัติเชื่อมต่อ/รับพิจารณา | I29: อฝ./ผจก. | J29: กฟอ.บางเลน
A30: PPIM195011F2 | B30: 20020169405 | C30: นายอนุชาติ มกรสิริพัชร์ | D30: 45727.719 | E30: - | F30: 3 | G30: - | H30: รอชำระเงิน | I30: - | J30: กฟอ.บางเลน
A31: PPIM19500BCF | B31: 20026021180 | C31: นางสุรัตน์ ไชยพันธุ์ | D31: 45706.674 | E31: 45769.685 | F31: 5 | G31: - | H31: รออนุมัติเชื่อมต่อ/รับพิจารณา | I31: อฝ./ผจก. | J31: กฟต.บางหลวง
A32: PPIM1950214E | B32: 20003308803 | C32: นาย สมศักดิ์ พรหมสมบัติ | D32: 45783.674 | E32: - | F32: 10 | G32: 45917.542 | H32: รอตรวจสอบระบบผลิต | I32: - | J32: กฟอ.บางเลน
A33: PPIM19502514 | B33: 20003350317 | C33: นาย บุญชัย นันทปรีชาชาญ | D33: 45798.527 | E33: - | F33: 5 | G33: - | H33: รออนุมัติเชื่อมต่อ/รับพิจารณา | I33: หผ. | J33: กฟอ.บางเลน
A34: PPIM19502973 | B34: 20026723820 | C34: นางสาวเนตรนภา วิลัยสิทธิ์ | D34: 45810.713 | E34: - | F34: 5 | G34: - | H34: รออนุมัติเชื่อมต่อ/รับพิจารณา | I34: หผ. | J34: กฟอ.บางเลน
A35: PPIM195031C8 | B35: 20019803214 | C35: บริษัท แอ็ดซายน์ เทรด | D35: 45838.693 | E35: - | F35: 10 | G35: - | H35: รอตรวจสอบคำขอ | I35: - | J35: กฟอ.บางเลน
A36: PPIM195031CD | B36: 20019803207 | C36: บริษัท อีวัน อโกรเทค จำกัด | D36: 45838.703 | E36: - | F36: 5 | G36: - | H36: รออนุมัติเชื่อมต่อ/รับพิจารณา | I36: หผ. | J36: กฟอ.บางเลน
A37: PPIM1950352A | B37: 20025533023 | C37: บริษัท เอวัน ออยล์ จำกัด | D37: 45850.666 | E37: - | F37: 20 | G37: 45922.597 | H37: รอตรวจสอบระบบผลิต | I37: - | J37: กฟอ.บางเลน
A38: PPIM1950414A | B38: 20022508595 | C38: นางสาวยุวดี เลิศวิริยะศักดิ์ | D38: 45894.508 | E38: - | F38: 5 | G38: - | H38: รอตรวจสอบคำขอ | I38: - | J38: กฟต.บางหลวง
A39: PPIM19504447 | B39: 20003567117 | C39: นางสมคิด จิตรเจือ | D39: 45904.665 | E39: 45909.439 | F39: 3.5 | G39: 45926.494 | H39: รอตรวจสอบระบบผลิต | I39: - | J39: กฟอ.บางเลน
A40: PPIM19503C94 | B40: 20021438211 | C40: น.ส.รุ่งนภา แก้วศรีพันธุ์ | D40: 45877.424 | E40: 45909.629 | F40: 10 | G40: 45982.572 | H40: รอตรวจสอบระบบผลิต | I40: - | J40: กฟอ.บางเลน
A41: PPIM195045B4 | B41: 20003480452 | C41: โรงพยาบาลส่งเสริมสุขภาพตำบล ตำบลบางภาษี | D41: 45910.389 | E41: - | F41: 15 | G41: - | H41: รออนุมัติเชื่อมต่อ/รับพิจารณา | I41: หผ. | J41: กฟอ.บางเลน
A42: PPIM195045C9 | B42: 20003292915 | C42: นิมิตร วงศ์วราธิปกุล | D42: 45910.47 | E42: - | F42: 5 | G42: - | H42: รอตรวจสอบคำขอ | I42: - | J42: กฟอ.บางเลน
A43: PPIM19504693 | B43: 20003533090 | C43: สำนักงาน เทศบาลตำบลรางกระทุ่ม | D43: 45912.492 | E43: - | F43: 20 | G43: 45922.633 | H43: รอตรวจสอบระบบผลิต | I43: - | J43: กฟอ.บางเลน
A44: PPIM19504A29 | B44: 20025807700 | C44: น.ส. ลภัสรดา แก้วปู่วัด | D44: 45923.972 | E44: - | F44: 10 | G44: - | H44: รอตรวจสอบคำขอ | I44: - | J44: กฟอ.บางเลน
A45: PPIM19504B81 | B45: 20028628923 | C45: นายกฤตชัย พึ่งตระกูล | D45: 45929.478 | E45: - | F45: 5 | G45: - | H45: รอตรวจสอบคำขอ | I45: - | J45: กฟต.บางหลวง
A46: PPIM19502667 | B46: 20003552487 | C46: นาย สานนท์ ดำเเพร | D46: 45800.747 | E46: 45930.694 | F46: 5 | G46: - | H46: รอตรวจสอบคำขอ | I46: - | J46: กฟต.บางหลวง
A47: PPIM19504D06 | B47: 20003482707 | C47: โรงพยาบาลส่งเสริมสุขภาพตำบลบ้านนราภิรมย์ ตำบลนราภิรมย์ | D47: 45933.574 | E47: - | F47: 15 | G47: - | H47: รอตรวจสอบคำขอ | I47: - | J47: กฟอ.บางเลน
A48: PPIM19504ED8 | B48: 20023235695 | C48: บริษัท โอโตโกะวากาชิ จำกัด | D48: 45939.534 | E48: - | F48: 6 | G48: - | H48: รอตรวจสอบคำขอ | I48: - | J48: กฟอ.บางเลน
A49: PPIM19505005 | B49: 20019135131 | C49: นายไพศาล ตั้งตรงสิทธิ์ | D49: 45944.706 | E49: - | F49: 20 | G49: - | H49: รอตรวจสอบคำขอ | I49: - | J49: กฟอ.บางเลน
A50: PPIM1950305B | B50: 20025349865 | C50: อภิรัรักษ์ อติอนุวรรตน์ | D50: 45833.503 | E50: 45957.377 | F50: 20 | G50: - | H50: รอตรวจสอบคำขอ | I50: - | J50: กฟอ.บางเลน
A51: PPIM1950589F | B51: 20023016007 | C51: นายสมชาย ศรีอีนยู้ | D51: 45975.483 | E51: - | F51: 10 | G51: - | H51: รอตรวจสอบคำขอ | I51: - | J51: กฟอ.บางเลน
A52: PPIM19505918 | B52: 20003605596 | C52: รัตนา มณีน้อย | D52: 45977.735 | E52: - | F52: 10 | G52: - | H52: รอตรวจสอบคำขอ | I52: - | J52: กฟอ.บางเลน
A53: PPIM19505919 | B53: 20003605596 | C53: สมชาย เฉลิมกลิ่น | D53: 45977.744 | E53: - | F53: 10 | G53: - | H53: รอตรวจสอบคำขอ | I53: - | J53: กฟอ.บางเลน
A54: PPIM19505A53 | B54: 20018701408 | C54: นายเกรียงศักดิ์ เทดี | D54: 45981.617 | E54: - | F54: 5 | G54: - | H54: รอตรวจสอบคำขอ | I54: - | J54: กฟอ.บางเลน

Sheet กฟส พุทธมณฑล
A2: เลขที่คำขอ | B2: หมายเลข CA | C2: ชื่อผู้ใช้ไฟฟ้า | D2: วันที่ยื่นคำขอ | E2: วันที่ยื่นแก้ไขคำขอ | F2: กำลังการผลิต (kW) | G2: วันที่ชำระเงิน | H2: สถานะคำขอ | J2: พื้นที่ กฟฟ. | L2: รวม | M2: =COUNT(B:B) -> 101 | N2: ราย
A3: PPIM18500187 | B3: 20003061805 | C3: นายสุธาร ศรีสุข | D3: 45317.558 | E3: - | F3: 3 | G3: - | H3: ยกเลิก | I3: - | J3: กฟอ.พุทธมณฑล | L3: รอตรวจสอบคำขอ | M3: =COUNTIF(H:H,"รอตรวจสอบคำขอ") -> 20 | N3: ราย
A4: PPIM18500360 | B4: 20003259227 | C4: นาย สะอาด แสงเหลา | D4: 45328.724 | E4: - | F4: 10 | G4: - | H4: ยกเลิก | I4: - | J4: กฟอ.พุทธมณฑล | L4: ยกเลิก | M4: =COUNTIF(H:H,"ยกเลิก") -> 35 | N4: ราย
A5: PPIM18500364 | B5: 20022201838 | C5: นางสาว จุไรรัตน์ สง่าอารีย์กูล | D5: 45328.769 | E5: - | F5: 9.2 | G5: - | H5: ยกเลิก | I5: - | J5: กฟอ.พุทธมณฑล | L5: รอผู้ยื่นคำขอส่งเอกสารแก้ไข | M5: =COUNTIF(H:H,"รอผู้ยื่นคำขอส่งเอกสารแก้ไข") -> 0 | N5: ราย
A6: PPIM18500814 | B6: 20027274571 | C6: ว่าที่ ร้อยตรี ภัคพล ปัญญาวุฒโฒ | D6: 45359.46 | E6: - | F6: 3 | G6: - | H6: ยกเลิก | I6: - | J6: กฟอ.พุทธมณฑล | L6: รอชำระเงิน | M6: =COUNTIF(H:H,"รอชำระเงิน") -> 0 | N6: ราย | O6: (รวม รอ หผ / อก / ผจก อนุมัติ ด้วย)
A7: PPIM185009A4 | B7: 20025961337 | C7: อำนวย เนียมพูลทอง | D7: 45370.46 | E7: - | F7: 5 | G7: - | H7: ยกเลิก | I7: - | J7: กฟอ.พุทธมณฑล | L7: รออนุมัติเชื่อมต่อ/รับพิจารณา | M7: =COUNTIF(H:H,"รออนุมัติเชื่อมต่อ/รับพิจารณา")+COUNTIF(H:H,"รอ หผ. อนุมัติ")+COUNTIF(H:H,"รอ ผจก./อก. อนุมัติ") -> 3 | N7: ราย
A8: PPIM18500BCD | B8: 20025961337 | C8: นาย อำนวย เนียมพูลทอง | D8: 45384.679 | E8: - | F8: 5 | G8: - | H8: ยกเลิก | I8: - | J8: กฟอ.พุทธมณฑล | L8: รอดำเนินการหลังอนุมัติเชื่อมต่อ / รับพิจารณา | M8: =COUNTIF(H:H,"รอดำเนินการหลังอนุมัติเชื่อมต่อ / รับพิจารณา") -> 9 | N8: ราย
A9: PPIM18500CFF | B9: 20026659250 | C9: น.ส.เปรมจิต จันทราธรกุล | D9: 45392.476 | E9: - | F9: 5 | G9: - | H9: ยกเลิก | I9: - | J9: กฟอ.พุทธมณฑล | L9: รอแก้ไขเอกสารหลังอนุมัติเชื่อมต่อ / รับพิจารณา | M9: =COUNTIF(H:H,"รอแก้ไขเอกสารหลังอนุมัติเชื่อมต่อ / รับพิจารณา") -> 0 | N9: ราย
A10: PPIM18500D08 | B10: 20026659250 | C10: น.ส.เปรมจิต จันทราธรกุล | D10: 45392.557 | E10: - | F10: 5 | G10: 45687.519 | H10: รอดำเนินการหลังอนุมัติเชื่อมต่อ / รับพิจารณา | I10: - | J10: กฟอ.พุทธมณฑล | L10: รออนุมัติเชื่อมต่อ (200 kW ขึ้นไป) | M10: =COUNTIF(H:H,"รออนุมัติเชื่อมต่อ (200 kW ขึ้นไป)") -> 0 | N10: ราย
A11: PPIM18500FD5 | B11: 20022201838 | C11: นางสาว จุไรรัตน์ สง่าอารีย์กูล | D11: 45415.451 | E11: - | F11: 9.2 | G11: 45600.472 | H11: เชื่อมต่อเรียบร้อยแล้ว | I11: - | J11: กฟอ.พุทธมณฑล | L11: รอตรวจสอบระบบผลิต | M11: =COUNTIF(H:H,"รอตรวจสอบระบบผลิต") -> 0 | N11: ราย
A12: PPIM1850123E | B12: 20003259227 | C12: นาย สะอาด แสงเหลา | D12: 45429.718 | E12: - | F12: 10 | G12: 45600.472 | H12: เชื่อมต่อเรียบร้อยแล้ว | I12: - | J12: กฟอ.พุทธมณฑล | L12: รอทดสอบเชื่อมต่อ | M12: =COUNTIF(H:H,"รอทดสอบเชื่อมต่อ") -> 0 | N12: ราย
A13: PPIM185012CA | B13: 20026980929 | C13: นางสาวชุติมา ศรีสันติเวศน์ | D13: 45432.697 | E13: - | F13: 3 | G13: 45595.593 | H13: เชื่อมต่อเรียบร้อยแล้ว | I13: - | J13: กฟอ.พุทธมณฑล | L13: รออนุมัติแจ้งวันเริ่มเชื่อมต่อ | M13: =COUNTIF(H:H,"รออนุมัติแจ้งวันเริ่มเชื่อมต่อ") -> 0 | N13: ราย
A14: PPIM18501509 | B14: 20027544982 | C14: นายวิสุทธิ์ แย้มเกษร | D14: 45442.776 | E14: - | F14: 5 | G14: 45581.41 | H14: เชื่อมต่อเรียบร้อยแล้ว | I14: - | J14: กฟอ.พุทธมณฑล | L14: เชื่อมต่อเรียบร้อยแล้ว | M14: =COUNTIF(H:H,"เชื่อมต่อเรียบร้อยแล้ว") -> 34 | N14: ราย
A15: PPIM185015DC | B15: 20022201838 | C15: นางสาว จุไรรัตน์ สง่าอารีย์กูล | D15: 45448.576 | E15: - | F15: 10 | G15: - | H15: ยกเลิก | I15: - | J15: กฟอ.พุทธมณฑล
A16: PPIM18501764 | B16: 20024092692 | C16: น.ส. ศิรินทรา จงพิพัฒนสุข | D16: 45456.454 | E16: - | F16: 20 | G16: - | H16: ยกเลิก | I16: - | J16: กฟอ.พุทธมณฑล
A17: PPIM18501AC0 | B17: 20023740144 | C17: นาย ศิวรุจน์ ศรีสำโรง | D17: 45470.619 | E17: - | F17: 5 | G17: 45575.379 | H17: เชื่อมต่อเรียบร้อยแล้ว | I17: - | J17: กฟอ.พุทธมณฑล
A18: PPIM18501ECF | B18: 20003061805 | C18: 3101701272532 | D18: 45488.467 | E18: - | F18: 3 | G18: - | H18: ยกเลิก | I18: - | J18: กฟอ.พุทธมณฑล
A19: PPIM185021A1 | B19: 20017165419 | C19: นางจรัญญา เขตต์ชลธาร | D19: 45498.456 | E19: - | F19: 4 | G19: - | H19: ยกเลิก | I19: - | J19: กฟอ.พุทธมณฑล
A20: PPIM1850222C | B20: 20027274571 | C20: ว่าที่ ร.ต.ภัคพล ปัญญาวุฒโฒ | D20: 45499.61 | E20: - | F20: 3 | G20: 45537.449 | H20: เชื่อมต่อเรียบร้อยแล้ว | I20: - | J20: กฟอ.พุทธมณฑล
A21: PPIM18500817 | B21: 20027274578 | C21: นางสาว ศิริยุพา โชยจอหอ | D21: 45359.467 | E21: 45499.614 | F21: 3 | G21: 45537.449 | H21: เชื่อมต่อเรียบร้อยแล้ว | I21: - | J21: กฟอ.พุทธมณฑล
A22: PPIM18500671 | B22: 20018649267 | C22: นาง กัญพร เทพพิทักษ์ | D22: 45348.697 | E22: 45507.64 | F22: 5 | G22: 45674.585 | H22: เชื่อมต่อเรียบร้อยแล้ว | I22: - | J22: กฟอ.พุทธมณฑล
A23: PPIM185024A0 | B23: 20022133229 | C23: รพีพงศ์ คำวิลัย | D23: 45513.415 | E23: - | F23: 5 | G23: 45664.658 | H23: เชื่อมต่อเรียบร้อยแล้ว | I23: - | J23: กฟอ.พุทธมณฑล
A24: PPIM1850278F | B24: 20003541627 | C24: นายสมศักดิ์ ปิ่นภู่ | D24: 45524.515 | E24: - | F24: 5 | G24: 45600.388 | H24: เชื่อมต่อเรียบร้อยแล้ว | I24: - | J24: กฟอ.พุทธมณฑล
A25: PPIM18502D6A | B25: 20003123429 | C25: นายฐิติพันธ์ จันทร์หอม | D25: 45545.422 | E25: - | F25: 5 | G25: - | H25: ยกเลิก | I25: - | J25: กฟอ.พุทธมณฑล
A26: PPIM18502DE4 | B26: 20003258686 | C26: นายสมชาย สว่างเเสนสุข | D26: 45546.628 | E26: - | F26: 10 | G26: - | H26: ยกเลิก | I26: - | J26: กฟอ.พุทธมณฑล
A27: PPIM18501975 | B27: 20026920748 | C27: บริษัท ปาร์ตี้เตมัส จำกัด | D27: 45464.733 | E27: 45560.396 | F27: 5 | G27: 45576.44 | H27: เชื่อมต่อเรียบร้อยแล้ว | I27: - | J27: กฟอ.พุทธมณฑล
A28: PPIM18501972 | B28: 20026170715 | C28: บริษัท จตุนภัส จำกัด | D28: 45464.724 | E28: 45562.569 | F28: 10 | G28: 45576.44 | H28: เชื่อมต่อเรียบร้อยแล้ว | I28: - | J28: กฟอ.พุทธมณฑล
A29: PPIM185034AD | B29: 20023379699 | C29: ประวีร์รัชย์ ศรีตรัย | D29: 45568.627 | E29: - | F29: 5 | G29: - | H29: ยกเลิก | I29: - | J29: กฟอ.พุทธมณฑล
A30: PPIM18502C77 | B30: 20027686093 | C30: น.ส.นงลักษณ์ พิริยไพรวงศ์ | D30: 45540.982 | E30: 45592.59 | F30: 5 | G30: 45622.588 | H30: รอดำเนินการหลังอนุมัติเชื่อมต่อ / รับพิจารณา | I30: - | J30: กฟอ.พุทธมณฑล
A31: PPIM18502CCC | B31: 20003116884 | C31: นางสาวธิดารัตน์ ทิพยรัตน์ | D31: 45541.75 | E31: 45593.453 | F31: 5 | G31: 45688.593 | H31: เชื่อมต่อเรียบร้อยแล้ว | I31: - | J31: กฟอ.พุทธมณฑล
A32: PPIM18502C64 | B32: 20018681656 | C32: นายสุรชัย สินธพมหันต์ | D32: 45540.713 | E32: 45601.496 | F32: 5 | G32: 45685.564 | H32: รอดำเนินการหลังอนุมัติเชื่อมต่อ / รับพิจารณา | I32: - | J32: กฟอ.พุทธมณฑล
A33: PPIM18502CE8 | B33: 20027402521 | C33: นางสาวศิรินทรา จงพิพัฒนสุข | D33: 45542.495 | E33: 45602.56 | F33: 20 | G33: 45608.394 | H33: เชื่อมต่อเรียบร้อยแล้ว | I33: - | J33: กฟอ.พุทธมณฑล
A34: PPIM18503EF6 | B34: 20020871776 | C34: วิพุธ พากเพียร | D34: 45607.4 | E34: - | F34: 8 | G34: - | H34: ยกเลิก | I34: - | J34: กฟอ.พุทธมณฑล
A35: PPIM185040BF | B35: 20003579451 | C35: มหาวิทยาลัยมหิดล | D35: 45611.612 | E35: - | F35: 10 | G35: - | H35: ยกเลิก | I35: - | J35: กฟอ.พุทธมณฑล
A36: PPIM18504307 | B36: 20003595130 | C36: บริษัท ดี.ดี อินฟราสตรัคเจอร์ จำกัด | D36: 45621.463 | E36: - | F36: 20 | G36: - | H36: ยกเลิก | I36: - | J36: กฟอ.พุทธมณฑล
A37: PPIM18503043 | B37: 20003123429 | C37: นายฐิติพันธ์ จันทร์หอม | D37: 45554.486 | E37: 45628.387 | F37: 5 | G37: 45685.565 | H37: รอดำเนินการหลังอนุมัติเชื่อมต่อ / รับพิจารณา | I37: - | J37: กฟอ.พุทธมณฑล
A38: PPIM185044BB | B38: 20003258686 | C38: นายสมชาย สว่างเเสนสุข | D38: 45628.43 | E38: - | F38: 10 | G38: - | H38: ยกเลิก | I38: - | J38: กฟอ.พุทธมณฑล
A39: PPIM18504537 | B39: 20023379699 | C39: ประวีร์รัชย์ ศรีตรัย | D39: 45629.676 | E39: - | F39: 5 | G39: - | H39: ยกเลิก | I39: - | J39: กฟอ.พุทธมณฑล
A40: PPIM18503E33 | B40: 20025668256 | C40: นาย สุธีระพันธ์ วันไชยธนวงศ์ | D40: 45603.637 | E40: 45640.468 | F40: 10 | G40: 45643.428 | H40: เชื่อมต่อเรียบร้อยแล้ว | I40: - | J40: กฟอ.พุทธมณฑล
A41: PPIM185043DC | B41: 20003595130 | C41: ที่ทำการปกครองอำเภอพุทธมณฑล | D41: 45624.496 | E41: 45640.585 | F41: 20 | G41: 45643.337 | H41: เชื่อมต่อเรียบร้อยแล้ว | I41: - | J41: กฟอ.พุทธมณฑล
A42: PPIM185047AC | B42: 20020871776 | C42: วิพุธ พากเพียร | D42: 45642.386 | E42: - | F42: 8 | G42: 45679.446 | H42: เชื่อมต่อเรียบร้อยแล้ว | I42: - | J42: กฟอ.พุทธมณฑล
A43: PPIM185042EC | B43: 20003442538 | C43: นาง นภาวรรณ วัฒนสกุลเกียรติ | D43: 45619.792 | E43: 45656.363 | F43: 15 | G43: 45671.454 | H43: เชื่อมต่อเรียบร้อยแล้ว | I43: - | J43: กฟอ.พุทธมณฑล
A44: PPIM1950007A | B44: 20023769826 | C44: นาง เสาวลักษ์ เฮเกอลุนด์ | D44: 45661.699 | E44: - | F44: 3 | G44: 45680.65 | H44: เชื่อมต่อเรียบร้อยแล้ว | I44: - | J44: กฟอ.พุทธมณฑล
A45: PPIM19500222 | B45: 20028062837 | C45: นางวิชญา บรรจงมณี | D45: 45668.448 | E45: 45677.376 | F45: 10 | G45: 45679.369 | H45: เชื่อมต่อเรียบร้อยแล้ว | I45: - | J45: กฟอ.พุทธมณฑล
A46: PPIM185049FE | B46: 20026409493 | C46: นางสาวณัฏฐวี สุดสาคร | D46: 45652.489 | E46: 45677.415 | F46: 5 | G46: 45680.644 | H46: รอดำเนินการหลังอนุมัติเชื่อมต่อ / รับพิจารณา | I46: - | J46: กฟอ.พุทธมณฑล
A47: PPIM195004B5 | B47: 20003258686 | C47: หจก.ไทยแสตมป์ เอ็นจิเนียริ่ง | D47: 45678.402 | E47: - | F47: 10 | G47: - | H47: ยกเลิก | I47: - | J47: กฟอ.พุทธมณฑล
A48: PPIM19500582 | B48: 20019089492 | C48: นายสวัสดิ์ เรืองศิริทรัพย์ | D48: 45680.491 | E48: - | F48: 3.8 | G48: 45818.48 | H48: เชื่อมต่อเรียบร้อยแล้ว | I48: - | J48: กฟอ.พุทธมณฑล
A49: PPIM19500597 | B49: 20022327198 | C49: นางสาวปาริสรา รังสิตวัฒนะ | D49: 45680.637 | E49: - | F49: 10 | G49: - | H49: ยกเลิก | I49: - | J49: กฟอ.พุทธมณฑล
A50: PPIM19500598 | B50: 20020451524 | C50: นายเทพฤทธิ์ โพธิ์สอาด | D50: 45680.64 | E50: - | F50: 8 | G50: 45926.565 | H50: เชื่อมต่อเรียบร้อยแล้ว | I50: - | J50: กฟอ.พุทธมณฑล
A51: PPIM195001D3 | B51: 20021318247 | C51: บริษัท บี.บี.การ์เด้น ศาลายา จำกัด | D51: 45666.983 | E51: 45684.985 | F51: 20 | G51: - | H51: เชื่อมต่อเรียบร้อยแล้ว | I51: - | J51: กฟอ.พุทธมณฑล
A52: PPIM1950056D | B52: 20010766407 | C52: นายประมณฑ์ สุจริต | D52: 45680.044 | E52: 45685.439 | F52: 20 | G52: 45688.649 | H52: เชื่อมต่อเรียบร้อยแล้ว | I52: - | J52: กฟอ.พุทธมณฑล
A53: PPIM195006AB | B53: 20027963356 | C53: นายสมพล รักชาติ | D53: 45685.677 | E53: - | F53: 5 | G53: - | H53: ยกเลิก | I53: - | J53: กฟอ.พุทธมณฑล
A54: PPIM195006C1 | B54: 20026413918 | C54: นางสาวจรีรัตน์ รณรงค์นุรักษ์ | D54: 45685.822 | E54: - | F54: 3 | G54: - | H54: ยกเลิก | I54: - | J54: กฟอ.พุทธมณฑล
A55: PPIM195007BB | B55: 20003291946 | C55: นายฐปนนท์ จันทร์รุ่งมณีกุล | D55: 45690.606 | E55: - | F55: 15 | G55: - | H55: ยกเลิก | I55: - | J55: กฟอ.พุทธมณฑล
A56: PPIM195007F7 | B56: 20028156936 | C56: บริษัท แลนด์ แอนด์ เฮ้าส์ นอร์ธอีส จำกัด | D56: 45691.65 | E56: - | F56: 5 | G56: - | H56: ยกเลิก | I56: - | J56: กฟอ.พุทธมณฑล
A57: PPIM1950094D | B57: 20028305570 | C57: บริษัท แลนด์ แอนด์ เฮ้าส์ นอร์ธอีส จำกัด | D57: 45695.614 | E57: - | F57: 20 | G57: - | H57: ยกเลิก | I57: - | J57: กฟอ.พุทธมณฑล
A58: PPIM19500C54 | B58: 20016975465 | C58: นางสาวอุไรภรณ์ แจ่มใส | D58: 45708.639 | E58: - | F58: 12 | G58: 45912.621 | H58: เชื่อมต่อเรียบร้อยแล้ว | I58: - | J58: กฟอ.พุทธมณฑล
A59: PPIM19500FBC | B59: 20022753867 | C59: นายสมศักดิ์ เลาหสุวรรณพานิช | D59: 45720.59 | E59: - | F59: 2 | G59: - | H59: ยกเลิก | I59: - | J59: กฟอ.พุทธมณฑล
A60: PPIM195012CA | B60: 20003583620 | C60: คณะสังคมศาสตร์และมนุษยศาสตร์ มหาวิทยาลัยมหิดล | D60: 45729.862 | E60: - | F60: 20 | G60: - | H60: ยกเลิก | I60: - | J60: กฟอ.พุทธมณฑล
A61: PPIM19501304 | B61: 20027966144 | C61: นายชัยรัตน์ เลื่อนตามผล | D61: 45730.632 | E61: - | F61: 3 | G61: - | H61: ยกเลิก | I61: - | J61: กฟอ.พุทธมณฑล
A62: PPIM19500CCD | B62: 20021202060 | C62: น.ส.กมลทิพย์ พ่วงเปีย | D62: 45709.988 | E62: 45743.899 | F62: 5 | G62: 45783.466 | H62: เชื่อมต่อเรียบร้อยแล้ว | I62: - | J62: กฟอ.พุทธมณฑล
A63: PPIM19501952 | B63: 20025475236 | C63: นาง ฐิตินันต์ ฉิมวัย | D63: 45749.447 | E63: - | F63: 5 | G63: 45910.425 | H63: เชื่อมต่อเรียบร้อยแล้ว | I63: - | J63: กฟอ.พุทธมณฑล
A64: PPIM19500560 | B64: 20024517597 | C64: นางเบ็ญจมาศ โอฬารรัตน์มณี | D64: 45679.756 | E64: 45755.575 | F64: 10 | G64: - | H64: ยกเลิก | I64: - | J64: กฟอ.พุทธมณฑล
A65: PPIM1950046D | B65: 20002971204 | C65: พ.ต.ต.บรรเทา วิชัยดิษฐ | D65: 45677.66 | E65: 45756.644 | F65: 3 | G65: 45876.369 | H65: เชื่อมต่อเรียบร้อยแล้ว | I65: - | J65: กฟอ.พุทธมณฑล
A66: PPIM19502225 | B66: 20017246540 | C66: นายพัชระ ไม้หอม | D66: 45785.69 | E66: - | F66: 5 | G66: - | H66: ยกเลิก | I66: - | J66: กฟอ.พุทธมณฑล
A67: PPIM19502B29 | B67: 20026413918 | C67: นางเบ็ญจมาศ โอฬารรัตน์มณี | D67: 45817.565 | E67: - | F67: 2 | G67: - | H67: ยกเลิก | I67: - | J67: กฟอ.พุทธมณฑล
A68: PPIM19502B3C | B68: 20022327198 | C68: นางสาวปาริสรา รังสิตวัฒนะ | D68: 45817.624 | E68: - | F68: 2 | G68: - | H68: รออนุมัติเชื่อมต่อ/รับพิจารณา | I68: อฝ./ผจก. | J68: กฟอ.พุทธมณฑล
A69: PPIM1950072D | B69: 20003283899 | C69: นายสำลี กิมเฮียะ | D69: 45687.589 | E69: 45820.809 | F69: 5 | G69: 45891.38 | H69: เชื่อมต่อเรียบร้อยแล้ว | I69: - | J69: กฟอ.พุทธมณฑล
A70: PPIM19502D2B | B70: 20022034094 | C70: บริษัท อีเล็คทริค ออโต้คีย์ จำกัด | D70: 45823.738 | E70: - | F70: 4.4 | G70: - | H70: รอตรวจสอบคำขอ | I70: - | J70: กฟอ.พุทธมณฑล
A71: PPIM195030A5 | B71: 20024430958 | C71: จรรยา เผ่าจินดา | D71: 45834.453 | E71: - | F71: 6 | G71: - | H71: รอตรวจสอบคำขอ | I71: - | J71: กฟอ.พุทธมณฑล
A72: PPIM1950359E | B72: 20026583281 | C72: นายศุภยุทธ มาสมบูรณ์ | D72: 45852.701 | E72: - | F72: 3 | G72: - | H72: รอตรวจสอบคำขอ | I72: - | J72: กฟอ.พุทธมณฑล
A73: PPIM195039CD | B73: 20028061266 | C73: นายบูรนันท์ สุขสงวน | D73: 45867.626 | E73: - | F73: 5 | G73: - | H73: รอตรวจสอบคำขอ | I73: - | J73: กฟอ.พุทธมณฑล
A74: PPIM195007D3 | B74: 20022666765 | C74: นางสาวพรทิพย์ จตุพรมงคลชัย | D74: 45691.467 | E74: 45876.384 | F74: 2 | G74: 45947.567 | H74: เชื่อมต่อเรียบร้อยแล้ว | I74: - | J74: กฟอ.พุทธมณฑล
A75: PPIM19503CDE | B75: 20024222476 | C75: บริษัท เพ็ททาเนียร์ จำกัด | D75: 45877.849 | E75: - | F75: 10 | G75: - | H75: รอตรวจสอบคำขอ | I75: - | J75: กฟอ.พุทธมณฑล
A76: PPIM19504151 | B76: 20003191331 | C76: นางประไพศรี สกุลรัตน์ | D76: 45894.588 | E76: - | F76: 10 | G76: - | H76: รอตรวจสอบคำขอ | I76: - | J76: กฟอ.พุทธมณฑล
A77: PPIM195041C8 | B77: 20023357668 | C77: นายพีระพงศ์ แต้สุจริยา | D77: 45895.625 | E77: - | F77: 5 | G77: - | H77: รอตรวจสอบคำขอ | I77: - | J77: กฟอ.พุทธมณฑล
A78: PPIM195041D5 | B78: 20002901978 | C78: นายชัชนันต์ ง้าวสุพรรณวงศ์ | D78: 45895.666 | E78: - | F78: 20 | G78: - | H78: รอตรวจสอบคำขอ | I78: - | J78: กฟอ.พุทธมณฑล
A79: PPIM19500AA4 | B79: 20003291946 | C79: นายอุทิศ ฉัตรสิรภพ | D79: 45701.667 | E79: 45896.419 | F79: 15 | G79: 45924.487 | H79: เชื่อมต่อเรียบร้อยแล้ว | I79: - | J79: กฟอ.พุทธมณฑล
A80: PPIM19504237 | B80: 20017069616 | C80: นาย วิริยะ คงกิจถาวร | D80: 45897.423 | E80: - | F80: 15 | G80: - | H80: รอตรวจสอบคำขอ | I80: - | J80: กฟอ.พุทธมณฑล
A81: PPIM19504524 | B81: 20028105570 | C81: บริษัท แลนด์ แอนด์ เฮ้าส์ นอร์ธอีส จำกัด | D81: 45908.618 | E81: - | F81: 20 | G81: - | H81: ยกเลิก | I81: - | J81: กฟอ.พุทธมณฑล
A82: PPIM19504528 | B82: 20028138681 | C82: บริษัท แลนด์ แอนด์ เฮ้าส์ นอร์ธอีส จำกัด | D82: 45908.637 | E82: - | F82: 5 | G82: - | H82: ยกเลิก | I82: - | J82: กฟอ.พุทธมณฑล
A83: PPIM19501113 | B83: 20017119140 | C83: นางสาวพิมพ์พิสาข์ วุฑฒิชัยพันธ์ | D83: 45723.751 | E83: 45909.61 | F83: 6 | G83: 45926.565 | H83: เชื่อมต่อเรียบร้อยแล้ว | I83: - | J83: กฟอ.พุทธมณฑล
A84: PPIM1950102A | B84: 20025382823 | C84: นางสาวกาญจนา นันทดิลกกุล | D84: 45721.499 | E84: 45909.622 | F84: 2 | G84: 45931.464 | H84: รอดำเนินการหลังอนุมัติเชื่อมต่อ / รับพิจารณา | I84: - | J84: กฟอ.พุทธมณฑล
A85: PPIM19501225 | B85: 20026015327 | C85: นายชัยรัตน์ แย้มบุญชู | D85: 45728.537 | E85: 45909.626 | F85: 2 | G85: 45931.464 | H85: รอดำเนินการหลังอนุมัติเชื่อมต่อ / รับพิจารณา | I85: - | J85: กฟอ.พุทธมณฑล
A86: PPIM1950457C | B86: 20022753867 | C86: นายสมศักดิ์ เลาหสุวรรณพานิช | D86: 45909.649 | E86: - | F86: 2 | G86: - | H86: รอตรวจสอบคำขอ | I86: - | J86: กฟอ.พุทธมณฑล
A87: PPIM1950458D | B87: 20027966144 | C87: นายณัฐวัฒน์ เลื่อนตามผล | D87: 45909.699 | E87: - | F87: 3 | G87: - | H87: รอตรวจสอบคำขอ | I87: - | J87: กฟอ.พุทธมณฑล
A88: PPIM19500FC1 | B88: 20023379699 | C88: น.ส.ประวีร์รัชย์ ศรีตรัย | D88: 45720.61 | E88: 45916.444 | F88: 5 | G88: 45945.394 | H88: เชื่อมต่อเรียบร้อยแล้ว | I88: - | J88: กฟอ.พุทธมณฑล
A89: PPIM19501556 | B89: 20026413920 | C89: นางสาวภัทรินทร์ ทับทิมแดง | D89: 45737.607 | E89: 45917.553 | F89: 3 | G89: 45931.464 | H89: รอดำเนินการหลังอนุมัติเชื่อมต่อ / รับพิจารณา | I89: - | J89: กฟอ.พุทธมณฑล
A90: PPIM19500FE2 | B90: 20024647132 | C90: นายตฤณภัทร ชัยสิทธิศักดิ์ | D90: 45720.72 | E90: 45918.727 | F90: 2 | G90: 45931.464 | H90: รอดำเนินการหลังอนุมัติเชื่อมต่อ / รับพิจารณา | I90: - | J90: กฟอ.พุทธมณฑล
A91: PPIM19500DD7 | B91: 20022281853 | C91: นางสาวกัลยา จำปาแดง | D91: 45714.577 | E91: 45918.728 | F91: 2 | G91: 45931.464 | H91: เชื่อมต่อเรียบร้อยแล้ว | I91: - | J91: กฟอ.พุทธมณฑล
A92: PPIM19504CAF | B92: 20003525548 | C92: นางจำเนียร สวัสดิ์พึ่ง | D92: 45932.663 | E92: - | F92: 20 | G92: - | H92: รอตรวจสอบคำขอ | I92: - | J92: กฟอ.พุทธมณฑล
A93: PPIM19504CD3 | B93: 20028138681 | C93: บริษัท แลนด์ แอนด์ เฮ้าส์ นอร์ธอีส จำกัด | D93: 45933.39 | E93: - | F93: 5 | G93: - | H93: ยกเลิก | I93: - | J93: กฟอ.พุทธมณฑล
A94: PPIM19504D2C | B94: 20003159908 | C94: นายวรุษ โชคหิรัญภัทร | D94: 45933.706 | E94: - | F94: 3 | G94: - | H94: รอตรวจสอบคำขอ | I94: - | J94: กฟอ.พุทธมณฑล
A95: PPIM19504D54 | B95: 20003300572 | C95: โรงพยาบาลส่งเสริมสุขภาพตำบลบ้านศาลาวัน ตำบลศาลายา | D95: 45934.706 | E95: - | F95: 15 | G95: - | H95: รอตรวจสอบคำขอ | I95: - | J95: กฟอ.พุทธมณฑล
A96: PPIM19504CD8 | B96: 20028138681 | C96: บริษัท แลนด์ แอนด์ เฮ้าส์ นอร์ธอีส จำกัด | D96: 45933.412 | E96: 45944.428 | F96: 5 | G96: - | H96: รออนุมัติเชื่อมต่อ/รับพิจารณา | I96: อฝ./ผจก. | J96: กฟอ.พุทธมณฑล
A97: PPIM19504CD5 | B97: 20028105570 | C97: บริษัท แลนด์ แอนด์ เฮ้าส์ นอร์ธอีส จำกัด | D97: 45933.407 | E97: 45944.452 | F97: 20 | G97: - | H97: รออนุมัติเชื่อมต่อ/รับพิจารณา | I97: อฝ./ผจก. | J97: กฟอ.พุทธมณฑล
A98: PPIM19505209 | B98: 20003410258 | C98: นางสาว วันดี แซ่แต้ | D98: 45952.436 | E98: - | F98: 5 | G98: - | H98: รอตรวจสอบคำขอ | I98: - | J98: กฟอ.พุทธมณฑล
A99: PPIM1950543E | B99: 20022009810 | C99: นาย วรวิทย์ นะราชรัมย์ | D99: 45960.543 | E99: - | F99: 10 | G99: - | H99: รอตรวจสอบคำขอ | I99: - | J99: กฟอ.พุทธมณฑล
A100: PPIM19505736 | B100: 20003451992 | C100: องค์การบริหารส่วนตำบลศาลายา | D100: 45971.526 | E100: - | F100: 20 | G100: - | H100: รอตรวจสอบคำขอ | I100: - | J100: กฟอ.พุทธมณฑล
A101: PPIM19505751 | B101: 20023117311 | C101: นางสาว บุษบาทิพย์ ประเสริฐศักดิ์ | D101: 45971.637 | E101: - | F101: 12 | G101: - | H101: รอตรวจสอบคำขอ | I101: - | J101: กฟอ.พุทธมณฑล
...

Sheet กฟจ สค
A2: เลขที่คำขอ | B2: หมายเลข CA | C2: ชื่อผู้ใช้ไฟฟ้า | D2: วันที่ยื่นคำขอ | E2: วันที่ยื่นแก้ไขคำขอ | F2: กำลังการผลิต (kW) | G2: วันที่ชำระเงิน | H2: สถานะคำขอ | J2: พื้นที่ กฟฟ. | L2: รวม | M2: =COUNT(B:B) -> 206 | N2: ราย
A3: PPIM18500003 | B3: 20022707243 | C3: นาย ณัฐสิฏฐ์ สุวรรณศิริพร | D3: 45306.495 | E3: - | F3: 5 | G3: 45369.376 | H3: เชื่อมต่อเรียบร้อยแล้ว | I3: - | J3: กฟส.ต.บางน้ำจืด | L3: รอตรวจสอบคำขอ | M3: =COUNTIF(H:H,"รอตรวจสอบคำขอ") -> 4 | N3: ราย
A4: PPIM185001BD | B4: 20002970995 | C4: นาย ธนาวุธ เสรีสมนึก | D4: 45318.759 | E4: - | F4: 3 | G4: - | H4: ยกเลิก | I4: - | J4: กฟส.ต.บางน้ำจืด | L4: ยกเลิก | M4: =COUNTIF(H:H,"ยกเลิก") -> 50 | N4: ราย
A5: PPIM185001ED | B5: 20027037053 | C5: บริษัทเซ็นทรัลพัฒนา เรซซิเด้นซ์ จำกัด | D5: 45320.62 | E5: - | F5: 5 | G5: 45376.556 | H5: เชื่อมต่อเรียบร้อยแล้ว | I5: - | J5: กฟส.ต.บางน้ำจืด | L5: รอผู้ยื่นคำขอส่งเอกสารแก้ไข | M5: =COUNTIF(H:H,"รอผู้ยื่นคำขอส่งเอกสารแก้ไข") -> 1 | N5: ราย
A6: PPIM1850022E | B6: 20023933549 | C6: นาง ศิริขวัญ จันธิวงค์ | D6: 45321.974 | E6: - | F6: 5 | G6: - | H6: ยกเลิก | I6: - | J6: กฟจ.สมุทรสาคร | L6: รอชำระเงิน | M6: =COUNTIF(H:H,"รอชำระเงิน") -> 12 | N6: ราย | O6: (รวม รอ หผ / อก / ผจก อนุมัติ ด้วย)
A7: PPIM18500271 | B7: 20002864842 | C7: นาย ปัญญา ลิมปนะเศรษฐ์ | D7: 45323.678 | E7: - | F7: 5 | G7: - | H7: ยกเลิก | I7: - | J7: กฟจ.สมุทรสาคร | L7: รออนุมัติเชื่อมต่อ/รับพิจารณา | M7: =COUNTIF(H:H,"รออนุมัติเชื่อมต่อ/รับพิจารณา")+COUNTIF(H:H,"รอ หผ. อนุมัติ")+COUNTIF(H:H,"รอ ผจก./อก. อนุมัติ") -> 3 | N7: ราย
A8: PPIM18500289 | B8: 20002917449 | C8: นางสาว ลาวัลย์ ตรีอินทอง | D8: 45324.437 | E8: - | F8: 5 | G8: 45565.466 | H8: เชื่อมต่อเรียบร้อยแล้ว | I8: - | J8: กฟส.ต.บางน้ำจืด | L8: รอดำเนินการหลังอนุมัติเชื่อมต่อ / รับพิจารณา | M8: =COUNTIF(H:H,"รอดำเนินการหลังอนุมัติเชื่อมต่อ / รับพิจารณา") -> 6 | N8: ราย
A9: PPIM185002D0 | B9: 20002864842 | C9: นาย ปัญญา ลิมปนะเศรษฐ์ | D9: 45326.899 | E9: - | F9: 5 | G9: - | H9: ยกเลิก | I9: - | J9: กฟจ.สมุทรสาคร | L9: รอแก้ไขเอกสารหลังอนุมัติเชื่อมต่อ / รับพิจารณา | M9: =COUNTIF(H:H,"รอแก้ไขเอกสารหลังอนุมัติเชื่อมต่อ / รับพิจารณา") -> 4 | N9: ราย
A10: PPIM185002E6 | B10: 20018150265 | C10: นางสาว วริศรา ไชยยันบูรณ์ | D10: 45327.558 | E10: - | F10: 5 | G10: 45889.59 | H10: รออนุมัติแจ้งวันเริ่มเชื่อมต่อ | I10: หผ. | J10: กฟส.ต.บางน้ำจืด | L10: รออนุมัติเชื่อมต่อ (200 kW ขึ้นไป) | M10: =COUNTIF(H:H,"รออนุมัติเชื่อมต่อ (200 kW ขึ้นไป)") -> 0 | N10: ราย
A11: PPIM185002F3 | B11: 20021838853 | C11: นางสาว ดลฤดี รวยฟูพันธ์ | D11: 45327.629 | E11: - | F11: 5 | G11: - | H11: ยกเลิก | I11: - | J11: กฟจ.สมุทรสาคร | L11: รอตรวจสอบระบบผลิต | M11: =COUNTIF(H:H,"รอตรวจสอบระบบผลิต") -> 17 | N11: ราย
A12: PPIM185003A0 | B12: 20024816245 | C12: นาย คริษฐ์ ทศนุต | D12: 45329.687 | E12: - | F12: 10 | G12: - | H12: ยกเลิก | I12: - | J12: กฟส.ต.บางน้ำจืด | L12: รอทดสอบเชื่อมต่อ | M12: =COUNTIF(H:H,"รอทดสอบเชื่อมต่อ") -> 0 | N12: ราย
A13: PPIM185003E0 | B13: 20021755637 | C13: นาย ศิวณัชฐกุล ไชยศร | D13: 45330.845 | E13: - | F13: 5 | G13: 45476.369 | H13: เชื่อมต่อเรียบร้อยแล้ว | I13: - | J13: กฟจ.สมุทรสาคร | L13: รออนุมัติแจ้งวันเริ่มเชื่อมต่อ | M13: =COUNTIF(H:H,"รออนุมัติแจ้งวันเริ่มเชื่อมต่อ") -> 6 | N13: ราย
A14: PPIM185003FA | B14: 20022475203 | C14: นางไอยวริญ รื่นโต | D14: 45331.637 | E14: - | F14: 10 | G14: - | H14: ยกเลิก | I14: - | J14: กฟจ.สมุทรสาคร | L14: เชื่อมต่อเรียบร้อยแล้ว | M14: =COUNTIF(H:H,"เชื่อมต่อเรียบร้อยแล้ว") -> 103 | N14: ราย
A15: PPIM1850040A | B15: 20003039169 | C15: นางวิภารัตน์ สุภนานัย | D15: 45332.463 | E15: - | F15: 5 | G15: - | H15: ยกเลิก | I15: - | J15: กฟจ.สมุทรสาคร
A16: PPIM1850063B | B16: 20023243679 | C16: นายธเนศ รุ่งทองคำกุล | D16: 45346.077 | E16: - | F16: 5 | G16: 45509.55 | H16: เชื่อมต่อเรียบร้อยแล้ว | I16: - | J16: กฟจ.สมุทรสาคร
A17: PPIM18500A02 | B17: 20020742883 | C17: นาย ณัฐพงษ์ โฉมศุภางค์ | D17: 45372.587 | E17: - | F17: 5 | G17: 45482.524 | H17: เชื่อมต่อเรียบร้อยแล้ว | I17: - | J17: กฟจ.สมุทรสาคร
A18: PPIM18500A96 | B18: 20027112512 | C18: บริษัท สี่มิตรมหาชัย จำกัด | D18: 45375.724 | E18: - | F18: 10 | G18: 45482.439 | H18: เชื่อมต่อเรียบร้อยแล้ว | I18: - | J18: กฟจ.สมุทรสาคร
A19: PPIM18500AF0 | B19: 20026334924 | C19: บริษัท ไพร์ม พลัส แอสเซ็ท จำกัด | D19: 45378.396 | E19: - | F19: 10 | G19: - | H19: ยกเลิก | I19: - | J19: กฟส.ต.บางน้ำจืด
A20: PPIM18500B42 | B20: 20027124068 | C20: บริษัท ปิยะมิตร มอเตอร์ จำกัด | D20: 45379.735 | E20: - | F20: 10 | G20: 45482.439 | H20: เชื่อมต่อเรียบร้อยแล้ว | I20: - | J20: กฟจ.สมุทรสาคร
A21: PPIM18500C22 | B21: 20019072525 | C21: นางสาว ประภา ทวีศิริเวทย์ | D21: 45386.452 | E21: - | F21: 5 | G21: - | H21: ยกเลิก | I21: - | J21: กฟจ.สมุทรสาคร
A22: PPIM18500D73 | B22: 20022475203 | C22: นางไอยวริญ รื่นโต | D22: 45396.44 | E22: - | F22: 10 | G22: - | H22: ยกเลิก | I22: - | J22: กฟจ.สมุทรสาคร
A23: PPIM18500D87 | B23: 20002865259 | C23: นายวิเชยร บำเรอรักษ์ | D23: 45399.453 | E23: - | F23: 5 | G23: - | H23: ยกเลิก | I23: - | J23: กฟจ.สมุทรสาคร
A24: PPIM18500D8D | B24: 20003483398 | C24: นายพีระ แซ่โค้ว | D24: 45399.592 | E24: - | F24: 5 | G24: 45489.526 | H24: เชื่อมต่อเรียบร้อยแล้ว | I24: - | J24: กฟจ.สมุทรสาคร
A25: PPIM18500E2A | B25: 20019072525 | C25: นางสาว ประภา ทวีศิริเวทย์ | D25: 45405.453 | E25: - | F25: 5 | G25: 45475.607 | H25: เชื่อมต่อเรียบร้อยแล้ว | I25: - | J25: กฟจ.สมุทรสาคร
A26: PPIM18500E64 | B26: 20026988031 | C26: กุลยา หมดจด | D26: 45406.559 | E26: - | F26: 10 | G26: 45898.634 | H26: รอตรวจสอบระบบผลิต | I26: - | J26: กฟส.ต.บางน้ำจืด
A27: PPIM18500EEA | B27: 20021461760 | C27: นายวินัย จันทร์โชติ | D27: 45409.56 | E27: - | F27: 2 | G27: 45489.526 | H27: เชื่อมต่อเรียบร้อยแล้ว | I27: - | J27: กฟจ.สมุทรสาคร
A28: PPIM18500F60 | B28: 20026430538 | C28: นาย อมร พรหมเภสัชสกุล | D28: 45412.703 | E28: - | F28: 10 | G28: - | H28: ยกเลิก | I28: - | J28: กฟจ.สมุทรสาคร
A29: PPIM185010AD | B29: 20003498455 | C29: นางพรทิพย์ พงศ์สถาพร | D29: 45420.89 | E29: - | F29: 10 | G29: 45492.41 | H29: เชื่อมต่อเรียบร้อยแล้ว | I29: - | J29: กฟจ.สมุทรสาคร
A30: PPIM1850063C | B30: 20020712748 | C30: นาย ไชยา สันติสถิตพงศ์ | D30: 45346.372 | E30: 45426.337 | F30: 5 | G30: 45492.365 | H30: เชื่อมต่อเรียบร้อยแล้ว | I30: - | J30: กฟจ.สมุทรสาคร
A31: PPIM185009D8 | B31: 20023302478 | C31: บริษัท กรุงเทพบ้านและที่ดิน จำกัด (มหาชน) | D31: 45371.565 | E31: 45426.489 | F31: 10 | G31: 45492.574 | H31: เชื่อมต่อเรียบร้อยแล้ว | I31: - | J31: กฟจ.สมุทรสาคร
A32: PPIM18500980 | B32: 20002926483 | C32: นาย เชวงศักดิ์ ปราโมทย์สิริ | D32: 45369.066 | E32: 45428.594 | F32: 5 | G32: 45504.381 | H32: เชื่อมต่อเรียบร้อยแล้ว | I32: - | J32: กฟจ.สมุทรสาคร
A33: PPIM18501203 | B33: 20023933549 | C33: นาง ศิริขวัญ จันธิวงค์ | D33: 45428.692 | E33: - | F33: 5 | G33: - | H33: ยกเลิก | I33: - | J33: กฟจ.สมุทรสาคร
A34: PPIM185004C3 | B34: 20023793788 | C34: นายธนัท วงษ์ชูแก้ว | D34: 45337.624 | E34: 45435.476 | F34: 5 | G34: 45503.385 | H34: เชื่อมต่อเรียบร้อยแล้ว | I34: - | J34: กฟจ.สมุทรสาคร
A35: PPIM185013A3 | B35: 20002865259 | C35: นายวิเชียร บำเรอรักษ์ | D35: 45436.639 | E35: - | F35: 5 | G35: 45498.577 | H35: เชื่อมต่อเรียบร้อยแล้ว | I35: - | J35: กฟจ.สมุทรสาคร
A36: PPIM18500DFE | B36: 20026334924 | C36: บริษัท ไพร์ม พลัส แอสเซ็ท จำกัด | D36: 45404.421 | E36: 45436.676 | F36: 10 | G36: 45492.574 | H36: เชื่อมต่อเรียบร้อยแล้ว | I36: - | J36: กฟจ.สมุทรสาคร
A37: PPIM18500EA5 | B37: 20023933549 | C37: นาง ศิริขวัญ จันธิวงค์ | D37: 45407.639 | E37: 45437.624 | F37: 5 | G37: 45532.481 | H37: เชื่อมต่อเรียบร้อยแล้ว | I37: - | J37: กฟจ.สมุทรสาคร
A38: PPIM185016A2 | B38: 20003237699 | C38: บริษัท เทพกระจ่างพร จำกัด | D38: 45451.89 | E38: - | F38: 20 | G38: 45539.508 | H38: เชื่อมต่อเรียบร้อยแล้ว | I38: - | J38: กฟจ.สมุทรสาคร
A39: PPIM18501630 | B39: 20003531859 | C39: นางน้ำทิพย์ พงศ์สถาพร | D39: 45449.631 | E39: 45453.601 | F39: 10 | G39: 45455.444 | H39: เชื่อมต่อเรียบร้อยแล้ว | I39: - | J39: กฟจ.สมุทรสาคร
A40: PPIM1850108F | B40: 20021838853 | C40: นางสาว ดลฤดี รวยฟูพันธ์ | D40: 45420.476 | E40: 45454.589 | F40: 5 | G40: - | H40: รอชำระเงิน | I40: - | J40: กฟจ.สมุทรสาคร
A41: PPIM1850145D | B41: 20026547553 | C41: น.ส. ทิพวัลย์ วิชัยดิษฐ์ | D41: 45440.681 | E41: 45455.762 | F41: 4 | G41: 45532.412 | H41: เชื่อมต่อเรียบร้อยแล้ว | I41: - | J41: กฟจ.สมุทรสาคร
A42: PPIM18501808 | B42: 20000938218 | C42: นางดวงกมล วีระทิพย์วงศ์ | D42: 45457.806 | E42: - | F42: 5 | G42: - | H42: ยกเลิก | I42: - | J42: กฟจ.สมุทรสาคร
A43: PPIM18501697 | B43: 20024208421 | C43: นาย เสริมศักดิ์ มหิทธิวาณิชชา | D43: 45451.624 | E43: 45464.673 | F43: 5 | G43: 45530.483 | H43: เชื่อมต่อเรียบร้อยแล้ว | I43: - | J43: กฟจ.สมุทรสาคร
A44: PPIM185016B3 | B44: 20026430538 | C44: นายอมร พรหมเภสัชสกุล | D44: 45452.7 | E44: 45466.91 | F44: 10 | G44: 45533.415 | H44: เชื่อมต่อเรียบร้อยแล้ว | I44: - | J44: กฟจ.สมุทรสาคร
A45: PPIM18501AFE | B45: 20019695826 | C45: นายอำนาจ จันทร์รุญ | D45: 45471.537 | E45: - | F45: 5 | G45: 45526.658 | H45: เชื่อมต่อเรียบร้อยแล้ว | I45: - | J45: กฟจ.สมุทรสาคร
A46: PPIM18501B11 | B46: 20027253866 | C46: บริษัท รีเฟอร์ อินเตอร์เนชั่นแนล ซีเอ จำกัด | D46: 45471.681 | E46: - | F46: 20 | G46: 45532.438 | H46: เชื่อมต่อเรียบร้อยแล้ว | I46: - | J46: กฟจ.สมุทรสาคร
A47: PPIM18501C06 | B47: 20022724780 | C47: บริษัท พีพีพี ออโต้ช็อป จำกัด | D47: 45476.878 | E47: - | F47: 10 | G47: 45831.475 | H47: รอดำเนินการหลังอนุมัติเชื่อมต่อ / รับพิจารณา | I47: - | J47: กฟจ.สมุทรสาคร
A48: PPIM18501C3C | B48: 20019499168 | C48: นางสาว ณัฐวี ดีเสมอ | D48: 45477.688 | E48: - | F48: 15 | G48: 45537.575 | H48: เชื่อมต่อเรียบร้อยแล้ว | I48: - | J48: กฟจ.สมุทรสาคร
A49: PPIM18501C43 | B49: 20002864842 | C49: นาย ปัญญา ลิมปนะเศรษฐ์ | D49: 45477.73 | E49: - | F49: 5 | G49: 45538.489 | H49: เชื่อมต่อเรียบร้อยแล้ว | I49: - | J49: กฟจ.สมุทรสาคร
A50: PPIM18501C4B | B50: 20027628629 | C50: นาย ประวิทย์ มณีสัมพันธ์ | D50: 45477.78 | E50: - | F50: 15 | G50: 45526.58 | H50: เชื่อมต่อเรียบร้อยแล้ว | I50: - | J50: กฟจ.สมุทรสาคร
A51: PPIM18501C7B | B51: 20025516863 | C51: นายวุฒิชัย สุไพรศรี | D51: 45478.603 | E51: - | F51: 5 | G51: 45526.381 | H51: เชื่อมต่อเรียบร้อยแล้ว | I51: - | J51: กฟจ.สมุทรสาคร
A52: PPIM18501C8F | B52: 20026848221 | C52: บจก.เด่นชัยการเคหะและที่ดิน | D52: 45478.724 | E52: - | F52: 5 | G52: 45554.433 | H52: เชื่อมต่อเรียบร้อยแล้ว | I52: - | J52: กฟจ.สมุทรสาคร
A53: PPIM18501C92 | B53: 20026569497 | C53: บจก.เด่นชัยการเคหะและที่ดิน | D53: 45478.735 | E53: - | F53: 5 | G53: 45554.433 | H53: เชื่อมต่อเรียบร้อยแล้ว | I53: - | J53: กฟจ.สมุทรสาคร
A54: PPIM18501CA1 | B54: 20017484016 | C54: บริษัท สยาม ซิตี้ เคมิคอลส์ จำกัด | D54: 45479.047 | E54: - | F54: 19.764 | G54: - | H54: ยกเลิก | I54: - | J54: กฟจ.สมุทรสาคร
A55: PPIM18501F96 | B55: 20027038548 | C55: บริษัท ม้าทอง เทรดดิ้ง จำกัด | D55: 45490.492 | E55: - | F55: 5 | G55: 45629.567 | H55: เชื่อมต่อเรียบร้อยแล้ว | I55: - | J55: กฟจ.สมุทรสาคร
A56: PPIM18501FB6 | B56: 20003183817 | C56: นางสาววันเพ็ญ กันสุวิโรว | D56: 45490.678 | E56: - | F56: 5 | G56: - | H56: ยกเลิก | I56: - | J56: กฟจ.สมุทรสาคร
A57: PPIM18501FBC | B57: 20022710413 | C57: นางสาว เปรมพรรณ พงษ์ธนาคม | D57: 45490.697 | E57: - | F57: 10 | G57: 45539.479 | H57: เชื่อมต่อเรียบร้อยแล้ว | I57: - | J57: กฟจ.สมุทรสาคร
A58: PPIM18501FCB | B58: 20003652841 | C58: ชัชชฏา เลิศลบธาตรี | D58: 45490.883 | E58: - | F58: 5 | G58: - | H58: ยกเลิก | I58: - | J58: กฟจ.สมุทรสาคร
A59: PPIM18501A2D | B59: 20026838915 | C59: บริษัท ฮาร์เวย์ ซัคเซสฟูล แอนด์ ลักกี้ เรียลเอสเตท จำกัด | D59: 45468.633 | E59: 45491.451 | F59: 1.5 | G59: - | H59: ยกเลิก | I59: - | J59: กฟจ.สมุทรสาคร
A60: PPIM185021F9 | B60: 20026899236 | C60: บริษัท ฟู้ด เทค แฟคตอรี่ จำกัด | D60: 45498.961 | E60: - | F60: 20 | G60: 45532.564 | H60: เชื่อมต่อเรียบร้อยแล้ว | I60: - | J60: กฟจ.สมุทรสาคร
A61: PPIM18502486 | B61: 20003368100 | C61: นาย พรอุดม ลือสุขประเสริฐ | D61: 45512.867 | E61: - | F61: 15 | G61: - | H61: ยกเลิก | I61: - | J61: กฟจ.สมุทรสาคร
A62: PPIM185025B6 | B62: 20018709763 | C62: บริษัท ไจแอนท์ เพาเวอร์ เทคโนโลยี จำกัด | D62: 45518.044 | E62: - | F62: 20 | G62: 45553.471 | H62: เชื่อมต่อเรียบร้อยแล้ว | I62: - | J62: กฟส.ต.บางน้ำจืด
A63: PPIM185025C2 | B63: 20010763191 | C63: นาย ศตวรรษ ไตรยศักดา | D63: 45518.428 | E63: - | F63: 5 | G63: 45554.383 | H63: เชื่อมต่อเรียบร้อยแล้ว | I63: - | J63: กฟส.ต.บางน้ำจืด
A64: PPIM18502662 | B64: 20027370131 | C64: นาย ธีรยุทธ ศิริพิสิฐศักดิ์ | D64: 45519.743 | E64: - | F64: 10 | G64: - | H64: ยกเลิก | I64: - | J64: กฟจ.สมุทรสาคร
A65: PPIM185027FA | B65: 20024816245 | C65: นาย คริษฐ์ ฑศนุต | D65: 45525.62 | E65: - | F65: 10 | G65: - | H65: ยกเลิก | I65: - | J65: กฟส.ต.บางน้ำจืด
A66: PPIM18502144 | B66: 20003460422 | C66: นางพวงเพ็ชร อยู่ประพัฒน์ | D66: 45497.466 | E66: 45530.499 | F66: 5 | G66: - | H66: ยกเลิก | I66: - | J66: กฟจ.สมุทรสาคร
A67: PPIM18502931 | B67: 20016947817 | C67: นางดวงแข สว่างไสว | D67: 45530.589 | E67: - | F67: 10 | G67: - | H67: ยกเลิก | I67: - | J67: กฟส.ต.บางน้ำจืด
A68: PPIM18502299 | B68: 20020970104 | C68: บริษัท เบซ ยูส โคลส (ประเทศไทย)จำกัด | D68: 45502.824 | E68: 45530.799 | F68: 12 | G68: 45554.359 | H68: เชื่อมต่อเรียบร้อยแล้ว | I68: - | J68: กฟส.ต.บางน้ำจืด
A69: PPIM185029D1 | B69: 20022283334 | C69: วงศกร วิพัฒนานันทกุล | D69: 45532.372 | E69: - | F69: 5 | G69: 45566.387 | H69: เชื่อมต่อเรียบร้อยแล้ว | I69: - | J69: กฟจ.สมุทรสาคร
A70: PPIM185029EA | B70: 20000938218 | C70: นางดวงกมล วีระทิพย์วงศ์ | D70: 45532.551 | E70: - | F70: 5 | G70: - | H70: ยกเลิก | I70: - | J70: กฟจ.สมุทรสาคร
A71: PPIM18502B9D | B71: 20003215412 | C71: บริษัท มหาชัย ร่วมใจพัฒนา จำกัด | D71: 45538.473 | E71: - | F71: 20 | G71: - | H71: ยกเลิก | I71: - | J71: กฟจ.สมุทรสาคร
A72: PPIM18502BF9 | B72: 20003406192 | C72: นายขุนทอง ฝาชัยภูมิ | D72: 45539.472 | E72: - | F72: 5 | G72: 45565.641 | H72: เชื่อมต่อเรียบร้อยแล้ว | I72: - | J72: กฟจ.สมุทรสาคร
A73: PPIM18502DC0 | B73: 20027818278 | C73: นางสาวณัฐปาณี สายสุด | D73: 45546.418 | E73: - | F73: 2 | G73: - | H73: ยกเลิก | I73: - | J73: กฟจ.สมุทรสาคร
A74: PPIM18502E56 | B74: 20016947817 | C74: บริษัท เอ็มเค โพลีเอสเตอร์เรซิ่น จำกัด | D74: 45547.663 | E74: - | F74: 10 | G74: 45768.622 | H74: เชื่อมต่อเรียบร้อยแล้ว | I74: - | J74: กฟส.ต.บางน้ำจืด
A75: PPIM18502E58 | B75: 20024816245 | C75: นาย คริษฐ์ ทศนุต | D75: 45547.673 | E75: - | F75: 10 | G75: 45566.635 | H75: เชื่อมต่อเรียบร้อยแล้ว | I75: - | J75: กฟจ.สมุทรสาคร
A76: PPIM18502752 | B76: 20027537188 | C76: บริษัท ฮาร์เวย์ ซัคเซสฟูล แอนด์ ลักกี้ เรียลเอสเตท จำกัด | D76: 45523.667 | E76: 45551.4 | F76: 1.5 | G76: 45569.568 | H76: เชื่อมต่อเรียบร้อยแล้ว | I76: - | J76: กฟจ.สมุทรสาคร
A77: PPIM18502FCC | B77: 20002921060 | C77: นางสาวศิริลักษณ์ มณีประเสริฐ | D77: 45553.43 | E77: - | F77: 5 | G77: 45566.608 | H77: เชื่อมต่อเรียบร้อยแล้ว | I77: - | J77: กฟจ.สมุทรสาคร
A78: PPIM18503145 | B78: 20025949590 | C78: บริษัท ยูไนเต็ด โฮมส์ จำกัด | D78: 45558.437 | E78: - | F78: 5 | G78: - | H78: ยกเลิก | I78: - | J78: กฟจ.สมุทรสาคร
A79: PPIM18503184 | B79: 20003449915 | C79: บริษัท มหาชัย ร่วมใจพัฒนา จำกัด | D79: 45558.664 | E79: - | F79: 20 | G79: 45575.426 | H79: เชื่อมต่อเรียบร้อยแล้ว | I79: - | J79: กฟจ.สมุทรสาคร
A80: PPIM185031F3 | B80: 20027818278 | C80: นางสาวณัฐปาณี สายสุด | D80: 45559.72 | E80: - | F80: 2 | G80: 45573.46 | H80: เชื่อมต่อเรียบร้อยแล้ว | I80: - | J80: กฟจ.สมุทรสาคร
A81: PPIM185031FD | B81: 20022475203 | C81: ไอยวริญ รื่นโต | D81: 45559.774 | E81: - | F81: 10 | G81: 45664.658 | H81: เชื่อมต่อเรียบร้อยแล้ว | I81: - | J81: กฟจ.สมุทรสาคร
A82: PPIM18502EC9 | B82: 20024478918 | C82: บริษัท ดี-แลนด์ กรุ๊ป จำกัด | D82: 45548.69 | E82: 45560.572 | F82: 20 | G82: 45567.602 | H82: เชื่อมต่อเรียบร้อยแล้ว | I82: - | J82: กฟจ.สมุทรสาคร
A83: PPIM18502F5F | B83: 20020712743 | C83: สรศักย์ สรัลพัศกร | D83: 45551.727 | E83: 45560.599 | F83: 10 | G83: 45603.547 | H83: เชื่อมต่อเรียบร้อยแล้ว | I83: - | J83: กฟจ.สมุทรสาคร
A84: PPIM18503311 | B84: 20027488644 | C84: นางทิพย์สุดา สัตย์ประกอบ | D84: 45563.501 | E84: - | F84: 5 | G84: - | H84: ยกเลิก | I84: - | J84: กฟจ.สมุทรสาคร
A85: PPIM18503375 | B85: 20003411262 | C85: นายกิตติวัฒน์ เมษะสิทธิวิทย์ | D85: 45565.596 | E85: - | F85: 5 | G85: 45624.592 | H85: เชื่อมต่อเรียบร้อยแล้ว | I85: - | J85: กฟจ.สมุทรสาคร
A86: PPIM185033C2 | B86: 20028034563 | C86: นายกิตติวัฒน์ เมษะสิทธิวิทย์ | D86: 45566.436 | E86: - | F86: 5 | G86: 45624.592 | H86: เชื่อมต่อเรียบร้อยแล้ว | I86: - | J86: กฟจ.สมุทรสาคร
A87: PPIM185033CD | B87: 20026652040 | C87: บริษัท ทรู มูฟ เอช ยูนิเวอร์แซล คอมมิวนิเคชั่น จำกัด | D87: 45566.492 | E87: - | F87: 12 | G87: 45609.537 | H87: เชื่อมต่อเรียบร้อยแล้ว | I87: - | J87: กฟจ.สมุทรสาคร
A88: PPIM18502603 | B88: 20003016907 | C88: บริษัท อินฟินิตี้ทูลส์เวิล์ด จำกัด | D88: 45518.75 | E88: 45567.528 | F88: 5 | G88: 45637.612 | H88: เชื่อมต่อเรียบร้อยแล้ว | I88: - | J88: กฟจ.สมุทรสาคร
A89: PPIM18502E95 | B89: 20027554252 | C89: นาย มนัส วงษ์ขันเมือง | D89: 45548.495 | E89: 45569.447 | F89: 3 | G89: 45876.492 | H89: รออนุมัติแจ้งวันเริ่มเชื่อมต่อ | I89: หผ. | J89: กฟส.ต.บางน้ำจืด
A90: PPIM1850363B | B90: 347990012489 | C90: นาย ธีรยุทธ ศิริพิสิฐศักดิ์ | D90: 45573.753 | E90: - | F90: 10 | G90: - | H90: ยกเลิก | I90: - | J90: กฟจ.สมุทรสาคร
A91: PPIM185033A1 | B91: 20003501262 | C91: บริษัท ปะการัง เซรามิค ซัพพลาย จำกัด | D91: 45565.704 | E91: 45575.644 | F91: 10 | G91: 45876.551 | H91: รออนุมัติแจ้งวันเริ่มเชื่อมต่อ | I91: หผ. | J91: กฟส.ต.บางน้ำจืด
A92: PPIM185036FD | B92: 20018656406 | C92: อิสระ บุญยัง | D92: 45575.692 | E92: - | F92: 10 | G92: - | H92: ยกเลิก | I92: - | J92: กฟจ.สมุทรสาคร
A93: PPIM185030CC | B93: 20025985290 | C93: ชลันธร สว่างแจ่ม | D93: 45555.615 | E93: 45575.722 | F93: 3.8 | G93: 45623.47 | H93: เชื่อมต่อเรียบร้อยแล้ว | I93: - | J93: กฟส.ต.บางน้ำจืด
A94: PPIM18503A0C | B94: 20002979453 | C94: นาย สม อัศวรุ่งฤกษ์ | D94: 45587.592 | E94: - | F94: 6.588 | G94: - | H94: ยกเลิก | I94: - | J94: กฟจ.สมุทรสาคร
A95: PPIM18503BDD | B95: 20025420841 | C95: นาย ณัฐพงศ์ ทรัพย์เย็น | D95: 45595.388 | E95: - | F95: 6 | G95: 45645.39 | H95: เชื่อมต่อเรียบร้อยแล้ว | I95: - | J95: กฟส.ต.บางน้ำจืด
A96: PPIM18503DFE | B96: 20022224067 | C96: นฤมล สุขวจีคล่อง | D96: 45602.992 | E96: - | F96: 5 | G96: - | H96: ยกเลิก | I96: - | J96: กฟจ.สมุทรสาคร
A97: PPIM18503E6B | B97: 20021656442 | C97: นาย เวสารัช วัชกะพงษ์ | D97: 45604.378 | E97: - | F97: 5 | G97: 45706.493 | H97: เชื่อมต่อเรียบร้อยแล้ว | I97: - | J97: กฟส.ต.บางน้ำจืด
A98: PPIM18503EBA | B98: 20021908182 | C98: น.ส. อภิญญาวดี จันทร์ทอน | D98: 45605.392 | E98: - | F98: 5 | G98: 45707.607 | H98: เชื่อมต่อเรียบร้อยแล้ว | I98: - | J98: กฟส.ต.บางน้ำจืด
A99: PPIM1850350B | B99: 20003262069 | C99: นาง พัชราภรณ์ บางชมภู | D99: 45569.65 | E99: 45607.658 | F99: 5 | G99: 45685.565 | H99: เชื่อมต่อเรียบร้อยแล้ว | I99: - | J99: กฟจ.สมุทรสาคร
A100: PPIM18504024 | B100: 20027370131 | C100: นายธีรยุทธ ศิริพิสิฐศักดิ์ | D100: 45610.444 | E100: 45611.568 | F100: 10 | G100: 45644.442 | H100: เชื่อมต่อเรียบร้อยแล้ว | I100: - | J100: กฟจ.สมุทรสาคร
A101: PPIM18504134 | B101: 20026652050 | C101: บริษัท ทรู มูฟ เอช ยูนิเวอร์แซล คอมมิวนิเคชั่น จำกัด | D101: 45614.483 | E101: - | F101: 12 | G101: 45660.619 | H101: เชื่อมต่อเรียบร้อยแล้ว | I101: - | J101: กฟจ.สมุทรสาคร
...

Sheet กฟส อ้อมน้อย
A2: เลขที่คำขอ | B2: หมายเลข CA | C2: ชื่อผู้ใช้ไฟฟ้า | D2: วันที่ยื่นคำขอ | E2: วันที่ยื่นแก้ไขคำขอ | F2: กำลังการผลิต (kW) | G2: วันที่ชำระเงิน | H2: สถานะคำขอ | J2: พื้นที่ กฟฟ. | L2: รวม | M2: =COUNT(B:B) -> 328 | N2: ราย
A3: PPIM185001B8 | B3: 20023750508 | C3: น.ส.ศิริพร กงประดิษฐ์ | D3: 45318.666 | E3: - | F3: 5 | G3: 45373.499 | H3: เชื่อมต่อเรียบร้อยแล้ว | I3: - | J3: กฟฟ.อ้อมน้อย | L3: รอตรวจสอบคำขอ | M3: =COUNTIF(H:H,"รอตรวจสอบคำขอ") -> 8 | N3: ราย
A4: PPIM18500288 | B4: 20026176726 | C4: นางสาวปณิชา วิเวชภูวนนท์ | D4: 45324.433 | E4: - | F4: 5 | G4: - | H4: ยกเลิก | I4: - | J4: กฟฟ.อ้อมน้อย | L4: ยกเลิก | M4: =COUNTIF(H:H,"ยกเลิก") -> 284 | N4: ราย
A5: PPIM1850064E | B5: 20016799869 | C5: นางสาวตติยา อาจรี | D5: 45346.683 | E5: - | F5: 10 | G5: - | H5: ยกเลิก | I5: - | J5: กฟฟ.อ้อมน้อย | L5: รอผู้ยื่นคำขอส่งเอกสารแก้ไข | M5: =COUNTIF(H:H,"รอผู้ยื่นคำขอส่งเอกสารแก้ไข") -> 0 | N5: ราย
A6: PPIM18500B46 | B6: 20003302185 | C6: นายกิตติ ช้างมิ่ง | D6: 45380.053 | E6: - | F6: 5 | G6: - | H6: ยกเลิก | I6: - | J6: กฟฟ.อ้อมน้อย | L6: รอชำระเงิน | M6: =COUNTIF(H:H,"รอชำระเงิน") -> 3 | N6: ราย | O6: (รวม รอ หผ / อก / ผจก อนุมัติ ด้วย)
A7: PPIM18500BF8 | B7: 20026042334 | C7: บริษัท ปตท. น้ำมันและการค้าปลีก จำกัด (มหาชน) (สาขาพุทธมณฑล สาย 5) | D7: 45385.623 | E7: - | F7: 20 | G7: - | H7: ยกเลิก | I7: - | J7: กฟฟ.อ้อมน้อย | L7: รออนุมัติเชื่อมต่อ/รับพิจารณา | M7: =COUNTIF(H:H,"รออนุมัติเชื่อมต่อ/รับพิจารณา")+COUNTIF(H:H,"รอ หผ. อนุมัติ")+COUNTIF(H:H,"รอ ผจก./อก. อนุมัติ") -> 0 | N7: ราย
A8: PPIM18500C32 | B8: 20017366306 | C8: บริษัทฮอนด้าอ้อมน้อยเซลล์แอนด์เซอร์วิสจำกัด | D8: 45386.623 | E8: - | F8: 20 | G8: - | H8: ยกเลิก | I8: - | J8: กฟฟ.อ้อมน้อย | L8: รอดำเนินการหลังอนุมัติเชื่อมต่อ / รับพิจารณา | M8: =COUNTIF(H:H,"รอดำเนินการหลังอนุมัติเชื่อมต่อ / รับพิจารณา") -> 5 | N8: ราย
A9: PPIM18500DD3 | B9: 20017366306 | C9: บริษัท ฮอนด้าอ้อมน้อย เซลล์ แอนด์ เซอร์วิส จำกัด | D9: 45401.685 | E9: - | F9: 20 | G9: - | H9: ยกเลิก | I9: - | J9: กฟฟ.อ้อมน้อย | L9: รอแก้ไขเอกสารหลังอนุมัติเชื่อมต่อ / รับพิจารณา | M9: =COUNTIF(H:H,"รอแก้ไขเอกสารหลังอนุมัติเชื่อมต่อ / รับพิจารณา") -> 3 | N9: ราย
A10: PPIM18500EB8 | B10: 20027426099 | C10: นางสาว ทราย สีนวล | D10: 45408.397 | E10: - | F10: 5 | G10: - | H10: ยกเลิก | I10: - | J10: กฟฟ.อ้อมน้อย | L10: รออนุมัติเชื่อมต่อ (200 kW ขึ้นไป) | M10: =COUNTIF(H:H,"รออนุมัติเชื่อมต่อ (200 kW ขึ้นไป)") -> 0 | N10: ราย
A11: PPIM18500F87 | B11: 20017755869 | C11: นาวาโทหญิงจุฑารัตน์ นิ่มนวล | D11: 45414.426 | E11: - | F11: 5 | G11: - | H11: ยกเลิก | I11: - | J11: กฟฟ.อ้อมน้อย | L11: รอตรวจสอบระบบผลิต | M11: =COUNTIF(H:H,"รอตรวจสอบระบบผลิต") -> 1 | N11: ราย
A12: PPIM185012F3 | B12: 20027275649 | C12: นาย สุรชัย ทรัพย์ธนบูรณ์ | D12: 45433.429 | E12: - | F12: 5 | G12: - | H12: ยกเลิก | I12: - | J12: กฟฟ.อ้อมน้อย | L12: รอทดสอบเชื่อมต่อ | M12: =COUNTIF(H:H,"รอทดสอบเชื่อมต่อ") -> 0 | N12: ราย
A13: PPIM18501316 | B13: 20019298839 | C13: นายปิยะพัฒน์ ตุลยากำจาย | D13: 45433.674 | E13: - | F13: 5 | G13: - | H13: ยกเลิก | I13: - | J13: กฟฟ.อ้อมน้อย | L13: รออนุมัติแจ้งวันเริ่มเชื่อมต่อ | M13: =COUNTIF(H:H,"รออนุมัติแจ้งวันเริ่มเชื่อมต่อ") -> 0 | N13: ราย
A14: PPIM18501360 | B14: 20017366306 | C14: บริษัท ฮอนด้าอ้อมน้อยเซลล์แอนด์เซอร์วิส จำกัด | D14: 45435.469 | E14: - | F14: 20 | G14: - | H14: ยกเลิก | I14: - | J14: กฟฟ.อ้อมน้อย | L14: เชื่อมต่อเรียบร้อยแล้ว | M14: =COUNTIF(H:H,"เชื่อมต่อเรียบร้อยแล้ว") -> 24 | N14: ราย
A15: PPIM18501393 | B15: 20027426099 | C15: นางสาว ทราย สีนวล | D15: 45436.462 | E15: - | F15: 5 | G15: - | H15: ยกเลิก | I15: - | J15: กฟฟ.อ้อมน้อย
A16: PPIM18501458 | B16: 20003313204 | C16: บริษัท เพชรเกษม 99 จำกัด | D16: 45440.675 | E16: - | F16: 20 | G16: - | H16: ยกเลิก | I16: - | J16: กฟฟ.อ้อมน้อย
A17: PPIM1850149C | B17: 20003313204 | C17: บริษัท เพชรเกษม 99 จำกัด | D17: 45441.499 | E17: - | F17: 20 | G17: - | H17: เชื่อมต่อเรียบร้อยแล้ว | I17: - | J17: กฟฟ.อ้อมน้อย
A18: PPIM185015B4 | B18: 20020334276 | C18: นายองอาจ อารีรัตนเวช | D18: 45447.719 | E18: - | F18: 2 | G18: - | H18: ยกเลิก | I18: - | J18: กฟฟ.อ้อมน้อย
A19: PPIM185016EC | B19: 20020494398 | C19: นางสาวนุสรา เย็นสถิตย์ | D19: 45453.705 | E19: - | F19: 2 | G19: - | H19: ยกเลิก | I19: - | J19: กฟฟ.อ้อมน้อย
A20: PPIM1850173C | B20: 20027071690 | C20: บริษัท เอ็น.ซี.เฮ้าส์ซิ่ง จำกัด (มหาชน) | D20: 45454.772 | E20: - | F20: 5 | G20: - | H20: ยกเลิก | I20: - | J20: กฟฟ.อ้อมน้อย
A21: PPIM18500F04 | B21: 20021736916 | C21: นางวิสสุตา เเตงสอาด | D21: 45410.763 | E21: 45457.461 | F21: 4 | G21: 45471.592 | H21: เชื่อมต่อเรียบร้อยแล้ว | I21: - | J21: กฟฟ.อ้อมน้อย
A22: PPIM185001BC | B22: 20022250793 | C22: นาง สำรวย สุรการค้า | D22: 45318.758 | E22: 45457.517 | F22: 10 | G22: 45503.46 | H22: เชื่อมต่อเรียบร้อยแล้ว | I22: - | J22: กฟฟ.อ้อมน้อย
A23: PPIM185017E7 | B23: 20027275649 | C23: นาย สุรชัย ทรัพย์ธนบูรณ์ | D23: 45457.593 | E23: - | F23: 5 | G23: - | H23: ยกเลิก | I23: - | J23: กฟฟ.อ้อมน้อย
A24: PPIM18501893 | B24: 20016799869 | C24: นางสาวตติยา อาจรี | D24: 45461.555 | E24: - | F24: 10 | G24: - | H24: ยกเลิก | I24: - | J24: กฟฟ.อ้อมน้อย
A25: PPIM1850194F | B25: 20022056496 | C25: บริษัท ปตท. น้ำมันและการค้าปลีก จำกัด (มหาชน) | D25: 45464.469 | E25: - | F25: 20 | G25: - | H25: ยกเลิก | I25: - | J25: กฟฟ.อ้อมน้อย
A26: PPIM185019BA | B26: 20017788869 | C26: นาง จุฑารัตน์ นิ่มนวล | D26: 45467.478 | E26: - | F26: 5 | G26: - | H26: ยกเลิก | I26: - | J26: กฟฟ.อ้อมน้อย
A27: PPIM18501B8C | B27: 20023452204 | C27: นาง ศรุดา ขำสวัสดิ์ | D27: 45475.366 | E27: - | F27: 5 | G27: - | H27: ยกเลิก | I27: - | J27: กฟฟ.อ้อมน้อย
A28: PPIM18501C28 | B28: 20019791128 | C28: นายอนุลาภ เลิศชาญชัยกุล | D28: 45477.605 | E28: - | F28: 3 | G28: - | H28: ยกเลิก | I28: - | J28: กฟฟ.อ้อมน้อย
A29: PPIM18501C53 | B29: 20027219195 | C29: นางสาวชุติกาญจน์ สุวรรณรัตน์ | D29: 45478.387 | E29: - | F29: 10 | G29: - | H29: ยกเลิก | I29: - | J29: กฟฟ.อ้อมน้อย
A30: PPIM18501C76 | B30: 20027275649 | C30: นาย สุรชัย ทรัพย์ธนบูรณ์ | D30: 45478.57 | E30: - | F30: 5 | G30: - | H30: ยกเลิก | I30: - | J30: กฟฟ.อ้อมน้อย
A31: PPIM18501CE3 | B31: 20017755869 | C31: นาง จุฑารัตน์ นิ่มนวล | D31: 45481.412 | E31: - | F31: 5 | G31: - | H31: ยกเลิก | I31: - | J31: กฟฟ.อ้อมน้อย
A32: PPIM18501D05 | B32: 20025524855 | C32: นางสาว สลิสา กุลกาญจนาวรรณ | D32: 45481.574 | E32: - | F32: 15 | G32: - | H32: ยกเลิก | I32: - | J32: กฟฟ.อ้อมน้อย
A33: PPIM18501E90 | B33: 20022056496 | C33: บริษัท ปตท. น้ำมันและการค้าปลีก จำกัด (มหาชน) | D33: 45486.523 | E33: - | F33: 20 | G33: - | H33: ยกเลิก | I33: - | J33: กฟฟ.อ้อมน้อย
A34: PPIM18501EEA | B34: 20027219195 | C34: นางสาวชุติกาญจน์ สุวรรณรัตน์ | D34: 45488.623 | E34: - | F34: 10 | G34: - | H34: ยกเลิก | I34: - | J34: กฟฟ.อ้อมน้อย
A35: PPIM18501BDF | B35: 20016799869 | C35: นางสาวตติยา อาจรี | D35: 45476.492 | E35: 45488.709 | F35: 10 | G35: 45517.588 | H35: เชื่อมต่อเรียบร้อยแล้ว | I35: - | J35: กฟฟ.อ้อมน้อย
A36: PPIM18501FFC | B36: 20020494398 | C36: นางสาวนุสรา เย็นสถิตย์ | D36: 45491.54 | E36: - | F36: 2 | G36: - | H36: ยกเลิก | I36: - | J36: กฟฟ.อ้อมน้อย
A37: PPIM1850201D | B37: 20020334276 | C37: นายองอาจ อารีรัตนเวช | D37: 45491.707 | E37: - | F37: 2 | G37: - | H37: ยกเลิก | I37: - | J37: กฟฟ.อ้อมน้อย
A38: PPIM18502050 | B38: 20025524855 | C38: สลิสา กุลกาญจนาวรรณ | D38: 45492.597 | E38: - | F38: 15 | G38: - | H38: ยกเลิก | I38: - | J38: กฟฟ.อ้อมน้อย
A39: PPIM18502075 | B39: 20023452204 | C39: นาง ศรุดา ขำสวัสดิ์ | D39: 45493.469 | E39: - | F39: 5 | G39: - | H39: ยกเลิก | I39: - | J39: กฟฟ.อ้อมน้อย
A40: PPIM185020B7 | B40: 20022934696 | C40: บริษัท ซีพี ออลล์ จำกัด (มหาชน) | D40: 45495.494 | E40: - | F40: 20 | G40: - | H40: ยกเลิก | I40: - | J40: กฟฟ.อ้อมน้อย
A41: PPIM18502134 | B41: 20001979112 | C41: นาย อนุลาภ เลิศชาญชัยกุล | D41: 45497.41 | E41: - | F41: 3 | G41: - | H41: ยกเลิก | I41: - | J41: กฟฟ.อ้อมน้อย
A42: PPIM185021C7 | B42: 20025659210 | C42: นาย มานะศักดิ์ สุวรรณสาม | D42: 45498.629 | E42: - | F42: 2 | G42: - | H42: ยกเลิก | I42: - | J42: กฟฟ.อ้อมน้อย
A43: PPIM18502234 | B43: 20025524855 | C43: นางสาว สลิสา กุลกาญจนาวรรณ | D43: 45499.634 | E43: - | F43: 15 | G43: - | H43: ยกเลิก | I43: - | J43: กฟฟ.อ้อมน้อย
A44: PPIM18502311 | B44: 20026972652 | C44: บริษัท นำคนต่างด้าวมาทำงานในประเทศ โอเชี่ยนสยามเเอดวานซ์ จำกัด | D44: 45505.389 | E44: - | F44: 5 | G44: - | H44: ยกเลิก | I44: - | J44: กฟฟ.อ้อมน้อย
A45: PPIM185023A0 | B45: 20026134298 | C45: นายปกรณ์ หลินศุวนนท์ | D45: 45508.676 | E45: - | F45: 5 | G45: - | H45: ยกเลิก | I45: - | J45: กฟฟ.อ้อมน้อย
A46: PPIM18501CF0 | B46: 20027426099 | C46: นางสาว ทราย สีนวล | D46: 45481.478 | E46: 45509.406 | F46: 5 | G46: 45547.36 | H46: เชื่อมต่อเรียบร้อยแล้ว | I46: - | J46: กฟฟ.อ้อมน้อย
A47: PPIM18501EF5 | B47: 20017755869 | C47: นาง จุฑารัตน์ นิ่มนวล | D47: 45488.654 | E47: 45510.606 | F47: 5 | G47: 45560.375 | H47: เชื่อมต่อเรียบร้อยแล้ว | I47: - | J47: กฟฟ.อ้อมน้อย
A48: PPIM18502435 | B48: 20022056496 | C48: บริษัท ปตท. น้ำมันและการค้าปลีก จำกัด (มหาชน) | D48: 45512.379 | E48: - | F48: 20 | G48: - | H48: ยกเลิก | I48: - | J48: กฟฟ.อ้อมน้อย
A49: PPIM185025C4 | B49: 20021751153 | C49: กรุณา จองวรรณศิริ | D49: 45518.44 | E49: - | F49: 10 | G49: - | H49: ยกเลิก | I49: - | J49: กฟฟ.อ้อมน้อย
A50: PPIM185026CD | B50: 20023452204 | C50: นางศรุดา ขำสวัสดิ์ | D50: 45521.431 | E50: - | F50: 5 | G50: - | H50: ยกเลิก | I50: - | J50: กฟฟ.อ้อมน้อย
A51: PPIM18502728 | B51: 20025524855 | C51: นางสาว สลิสา กุลกาญจนาวรรณ | D51: 45523.479 | E51: - | F51: 15 | G51: - | H51: ยกเลิก | I51: - | J51: กฟฟ.อ้อมน้อย
A52: PPIM18502874 | B52: 20020334276 | C52: นายองอาจ อารีรัตนเวช | D52: 45526.718 | E52: - | F52: 2 | G52: - | H52: ยกเลิก | I52: - | J52: กฟฟ.อ้อมน้อย
A53: PPIM185028AC | B53: 20019791128 | C53: นาย อนุลาภ เลิศชาญชัยกุล | D53: 45527.617 | E53: - | F53: 3 | G53: - | H53: ยกเลิก | I53: - | J53: กฟฟ.อ้อมน้อย
A54: PPIM185029BB | B54: 20027691252 | C54: บริษัท พงศกร กู๊ดคาร์ จำกัด | D54: 45531.707 | E54: - | F54: 10 | G54: - | H54: ยกเลิก | I54: - | J54: กฟฟ.อ้อมน้อย
A55: PPIM18502A07 | B55: 20025524855 | C55: นางสาว สลิสา กุลกาญจนาวรรณ | D55: 45532.672 | E55: - | F55: 15 | G55: - | H55: ยกเลิก | I55: - | J55: กฟฟ.อ้อมน้อย
A56: PPIM18502A29 | B56: 20003475444 | C56: บริษัท ช.เคมีไทย จำกัด | D56: 45532.744 | E56: - | F56: 20 | G56: - | H56: ยกเลิก | I56: - | J56: กฟฟ.อ้อมน้อย
A57: PPIM18502A77 | B57: 20026417447 | C57: บริษัท แอล.ไอ.เอ็ม.เอ็นจิเนียริ่ง จำกัด | D57: 45533.679 | E57: - | F57: 10 | G57: - | H57: ยกเลิก | I57: - | J57: กฟฟ.อ้อมน้อย
A58: PPIM18502B2E | B58: 20022056496 | C58: บริษัท ปตท. น้ำมันและการค้าปลีก จำกัด (มหาชน) สาขา พุทธมณฑลสาย 5 | D58: 45537.425 | E58: - | F58: 20 | G58: - | H58: ยกเลิก | I58: - | J58: กฟฟ.อ้อมน้อย
A59: PPIM18502CA7 | B59: 20002930790 | C59: นางกนกพร เทาศรีดี | D59: 45541.617 | E59: - | F59: 3 | G59: - | H59: ยกเลิก | I59: - | J59: กฟฟ.อ้อมน้อย
... A68: PPIM185033D2 | B68: 20026652126 | C68: บริษัท ทรู มูฟ เอช ยูนิเวอร์แซล คอมมิวนิเคชั่น จำกัด | D68: 45566.524 | E68: - | F68: 12 | G68: - | H68: ยกเลิก | I68: - | J68: กฟฟ.อ้อมน้อย
A69: PPIM18502551 | B69: 20027275649 | C69: นาย สุรชัย ทรัพย์ธนบูรณ์ | D69: 45517.366 | E69: 45567.377 | F69: 5 | G69: - | H69: ยกเลิก | I69: - | J69: กฟฟ.อ้อมน้อย
A70: PPIM1850347D | B70: 20020658263 | C70: นางสาว สุรณา ชัยวรพร | D70: 45568.438 | E70: - | F70: 5 | G70: - | H70: ยกเลิก | I70: - | J70: กฟฟ.อ้อมน้อย
A71: PPIM185034C4 | B71: 20002930790 | C71: นางกนกพร เทาศรีดี | D71: 45568.718 | E71: - | F71: 3 | G71: - | H71: ยกเลิก | I71: - | J71: กฟฟ.อ้อมน้อย
A72: PPIM1850357D | B72: 20022366682 | C72: บริษัท โอเค อิงค์เจ็ท จำกัด | D72: 45572.426 | E72: - | F72: 20 | G72: - | H72: ยกเลิก | I72: - | J72: กฟฟ.อ้อมน้อย
A73: PPIM18503585 | B73: 20023975157 | C73: บริษัท เมก้า เซฟเวอร์ เอ็นจิเนียริ่ง แอนด์ ซัพพลาย จำกัด | D73: 45572.475 | E73: - | F73: 10 | G73: - | H73: ยกเลิก | I73: - | J73: กฟฟ.อ้อมน้อย
A74: PPIM185035A9 | B74: 20023032458 | C74: บริษัท ปตท. น้ำมันและการค้าปลีก จำกัด (มหาชน) | D74: 45572.657 | E74: - | F74: 20 | G74: - | H74: ยกเลิก | I74: - | J74: กฟฟ.อ้อมน้อย
A75: PPIM1850302A | B75: 20020334276 | C75: นายองอาจ อารีรัตนเวช | D75: 45554.41 | E75: 45573.468 | F75: 2 | G75: 45603.395 | H75: รอดำเนินการหลังอนุมัติเชื่อมต่อ / รับพิจารณา | I75: - | J75: กฟฟ.อ้อมน้อย
A76: PPIM1850286C | B76: 20020494398 | C76: นางสาวนุสรา เย็นสถิตย์ | D76: 45526.701 | E76: 45573.659 | F76: 2 | G76: 45603.395 | H76: รอดำเนินการหลังอนุมัติเชื่อมต่อ / รับพิจารณา | I76: - | J76: กฟฟ.อ้อมน้อย
A77: PPIM18503632 | B77: 20027691252 | C77: บริษัท พงศกร กู๊ดคาร์ จำกัด | D77: 45573.715 | E77: - | F77: 10 | G77: - | H77: ยกเลิก | I77: - | J77: กฟฟ.อ้อมน้อย
A78: PPIM18503669 | B78: 20020662389 | C78: บริษัท ซวงหงส์ จำกัด | D78: 45574.397 | E78: - | F78: 6 | G78: - | H78: ยกเลิก | I78: - | J78: กฟฟ.อ้อมน้อย
A79: PPIM1850372B | B79: 20019791128 | C79: นาย อนุลาภ เลิศชาญชัยกุล | D79: 45576.492 | E79: - | F79: 3 | G79: - | H79: ยกเลิก | I79: - | J79: กฟฟ.อ้อมน้อย
A80: PPIM18503850 | B80: 20025217686 | C80: นายวรพงษ์ ฐิติมนตระกูล | D80: 45581.525 | E80: - | F80: 4 | G80: - | H80: ยกเลิก | I80: - | J80: กฟฟ.อ้อมน้อย
A81: PPIM18503874 | B81: 20027691252 | C81: บริษัท พงศกร กู๊ดคาร์ จำกัด | D81: 45581.738 | E81: - | F81: 10 | G81: - | H81: ยกเลิก | I81: - | J81: กฟฟ.อ้อมน้อย
A82: PPIM185038B2 | B82: 20023975157 | C82: บริษัทเมก้า เซฟเวอร์ แอนด์ ซัพพลาย จำกัด | D82: 45582.686 | E82: - | F82: 10 | G82: - | H82: ยกเลิก | I82: - | J82: กฟฟ.อ้อมน้อย
A83: PPIM1850300B | B83: 20025524855 | C83: นางสาว สลิสา กุลกาญจนาวรรณ | D83: 45553.667 | E83: 45582.7 | F83: 15 | G83: 45623.586 | H83: ยกเลิก | I83: - | J83: กฟฟ.อ้อมน้อย
A84: PPIM18503633 | B84: 20002930790 | C84: นางกนกพร เทาศรีดี | D84: 45573.724 | E84: 45583.652 | F84: 3 | G84: - | H84: ยกเลิก | I84: - | J84: กฟฟ.อ้อมน้อย
A85: PPIM18503923 | B85: 20027598412 | C85: นางสาว สุรัสวดี ฤากิจ | D85: 45584.429 | E85: - | F85: 4 | G85: - | H85: ยกเลิก | I85: - | J85: กฟฟ.อ้อมน้อย
A86: PPIM185039A1 | B86: 20020658263 | C86: นางสาว สุรณา ชัยวรพร | D86: 45586.554 | E86: - | F86: 5 | G86: - | H86: ยกเลิก | I86: - | J86: กฟฟ.อ้อมน้อย
A87: PPIM185039C1 | B87: 20003404044 | C87: นางสาวกมลชนก ปั้นย้อย | D87: 45586.654 | E87: 45586.66 | F87: 2.375 | G87: - | H87: เชื่อมต่อเรียบร้อยแล้ว | I87: - | J87: กฟฟ.อ้อมน้อย
A88: PPIM185039E4 | B88: 20027219195 | C88: น.ส.ชุติกาญจน์ สุวรรณรัตน์ | D88: 45587.403 | E88: - | F88: 10 | G88: - | H88: ยกเลิก | I88: - | J88: กฟฟ.อ้อมน้อย
A89: PPIM185039EC | B89: 20020658263 | C89: นางสาว สุรณา ชัยวรพร | D89: 45587.46 | E89: - | F89: 5 | G89: - | H89: ยกเลิก | I89: - | J89: กฟฟ.อ้อมน้อย
A90: PPIM18503A4F | B90: 20003475444 | C90: บริษัท ช.เคมีไทย จำกัด | D90: 45588.615 | E90: - | F90: 20 | G90: - | H90: ยกเลิก | I90: - | J90: กฟฟ.อ้อมน้อย
A91: PPIM18503A5B | B91: 20023452204 | C91: นางศรุดา ขำสวัสดิ์ | D91: 45588.885 | E91: - | F91: 5 | G91: - | H91: ยกเลิก | I91: - | J91: กฟฟ.อ้อมน้อย
A92: PPIM18503AAA | B92: 20024513575 | C92: นางศิวริน อาจสว่าง | D92: 45590.062 | E92: - | F92: 5 | G92: - | H92: ยกเลิก | I92: - | J92: กฟฟ.อ้อมน้อย
A93: PPIM18503ACD | B93: 20023975157 | C93: บริษัทเมก้า เซฟเวอร์ แอนด์ ซัพพลาย จำกัด | D93: 45590.59 | E93: - | F93: 10 | G93: - | H93: ยกเลิก | I93: - | J93: กฟฟ.อ้อมน้อย
A94: PPIM185035EA | B94: 20022934696 | C94: บริษัท ซีพี ออลล์ จำกัด (มหาชน) | D94: 45573.412 | E94: 45593.442 | F94: 20 | G94: - | H94: ยกเลิก | I94: - | J94: กฟฟ.อ้อมน้อย
A95: PPIM18503B3E | B95: 20020662389 | C95: บริษัท ซวงหงส์ จำกัด | D95: 45593.515 | E95: - | F95: 6 | G95: - | H95: ยกเลิก | I95: - | J95: กฟฟ.อ้อมน้อย
A96: PPIM18503B6A | B96: 20027219195 | C96: นางสาวชุติกาญจน์ สุวรรณรัตน์ | D96: 45593.693 | E96: - | F96: 10 | G96: - | H96: ยกเลิก | I96: - | J96: กฟฟ.อ้อมน้อย
A97: PPIM185037D1 | B97: 20003185893 | C97: นางวัชรินทร์ จงศิริโรจน์กุล | D97: 45579.775 | E97: 45594.366 | F97: 2 | G97: - | H97: ยกเลิก | I97: - | J97: กฟฟ.อ้อมน้อย
A98: PPIM18503BAF | B98: 20027598412 | C98: สุรัสวดี ฤากิจ | D98: 45594.621 | E98: - | F98: 4 | G98: - | H98: ยกเลิก | I98: - | J98: กฟฟ.อ้อมน้อย
A99: PPIM18503741 | B99: 20016783499 | C99: นางสาววัธนี ฉิมณรงค์ | D99: 45576.69 | E99: 45595.374 | F99: 5 | G99: - | H99: ยกเลิก | I99: - | J99: กฟฟ.อ้อมน้อย
A100: PPIM18503C16 | B100: 20020658263 | C100: นางสาว สุรณา ชัยวรพร | D100: 45595.773 | E100: - | F100: 5 | G100: - | H100: ยกเลิก | I100: - | J100: กฟฟ.อ้อมน้อย
A101: PPIM18503C2D | B101: 20003475444 | C101: บริษัท ช.เคมีไทย จำกัด | D101: 45596.499 | E101: - | F101: 20 | G101: - | H101: ยกเลิก | I101: - | J101: กฟฟ.อ้อมน้อย
A102: PPIM18503C4B | B102: 20026972652 | C102: บริษัท นำคนต่างด้าวมาทำงานในประเทศ โอเชี่ยนสยามเเอดวานซ์ จำกัด | D102: 45596.759 | E102: - | F102: 5 | G102: - | H102: ยกเลิก | I102: - | J102: กฟฟ.อ้อมน้อ
A103: PPIM18503D57 | B103: 20017769968 | C103: ศิวริน อาจสว่าง | D103: 45601.096 | E103: - | F103: 5 | G103: - | H103: ยกเลิก | I103: - | J103: กฟฟ.อ้อมน้อย
A104: PPIM18503D7B | B104: 20027219195 | C104: น.ส.ชุติกาญจน์ สุวรรณรัตน์ | D104: 45601.565 | E104: - | F104: 10 | G104: - | H104: ยกเลิก | I104: - | J104: กฟฟ.อ้อมน้อย
A105: PPIM18503DD7 | B105: 20027050115 | C105: นางสาวตวงเพชร เร่งประเสริฐ | D105: 45602.613 | E105: - | F105: 6 | G105: - | H105: ยกเลิก | I105: - | J105: กฟฟ.อ้อมน้อย
A106: PPIM18503E0C | B106: 20020658263 | C106: นางสาว สุรณา ชัยวรพร | D106: 45603.426 | E106: - | F106: 5 | G106: - | H106: ยกเลิก | I106: - | J106: กฟฟ.อ้อมน้อย
A107: PPIM18503E75 | B107: 20026652126 | C107: บริษัท ทรู มูฟ เอช ยูนิเวอร์แซล คอมมิวนิเคชั่น จำกัด | D107: 45604.448 | E107: - | F107: 12 | G107: - | H107: ยกเลิก | I107: - | J107: กฟฟ.อ้อมน้อย
A108: PPIM18503E94 | B108: 20026651945 | C108: บริษัท ทรู มูฟ เอช ยูนิเวอร์แซล คอมมิวนิเคชั่น จำกัด | D108: 45604.626 | E108: - | F108: 6 | G108: - | H108: ยกเลิก | I108: - | J108: กฟฟ.อ้อมน้อย
A109: PPIM18503EF7 | B109: 20020662389 | C109: บริษัท ซวงหงส์ จำกัด | D109: 45607.407 | E109: - | F109: 6 | G109: - | H109: ยกเลิก | I109: - | J109: กฟฟ.อ้อมน้อย
...

Sheet กฟส กระทุ่มแบน
A2: เลขที่คำขอ | B2: หมายเลข CA | C2: ชื่อผู้ใช้ไฟฟ้า | D2: วันที่ยื่นคำขอ | E2: วันที่ยื่นแก้ไขคำขอ | F2: กำลังการผลิต (kW) | G2: วันที่ชำระเงิน | H2: สถานะคำขอ | J2: พื้นที่ กฟฟ. | L2: รวม | M2: =COUNT(B:B) -> 67 | N2: ราย
A3: PPIM185003DE | B3: 20003574050 | C3: นางสาวจันทร์เพ็ญ แซ่เอี๊ยว | D3: 45330.789 | E3: - | F3: 5 | G3: 45524.544 | H3: รอดำเนินการหลังอนุมัติเชื่อมต่อ / รับพิจารณา | I3: - | J3: กฟอ.กระทุ่มแบน | L3: รอตรวจสอบคำขอ | M3: =COUNTIF(H:H,"รอตรวจสอบคำขอ") -> 7 | N3: ราย
A4: PPIM18500729 | B4: 20003448597 | C4: นาย อรุณ มาพิทักษ์ | D4: 45353.492 | E4: - | F4: 10 | G4: - | H4: ยกเลิก | I4: - | J4: กฟอ.กระทุ่มแบน | L4: ยกเลิก | M4: =COUNTIF(H:H,"ยกเลิก") -> 11 | N4: ราย
A5: PPIM185009CF | B5: 20003448597 | C5: นายอรุณ มาพิทักษ์ | D5: 45371.474 | E5: - | F5: 10 | G5: 45538.4 | H5: เชื่อมต่อเรียบร้อยแล้ว | I5: - | J5: กฟอ.กระทุ่มแบน | L5: รอผู้ยื่นคำขอส่งเอกสารแก้ไข | M5: =COUNTIF(H:H,"รอผู้ยื่นคำขอส่งเอกสารแก้ไข") -> 0 | N5: ราย
A6: PPIM18500A94 | B6: 20025562782 | C6: นาง นราทิพย์ รู้ทวีผล | D6: 45375.67 | E6: - | F6: 5 | G6: 45538.489 | H6: เชื่อมต่อเรียบร้อยแล้ว | I6: - | J6: กฟอ.กระทุ่มแบน | L6: รอชำระเงิน | M6: =COUNTIF(H:H,"รอชำระเงิน") -> 10 | N6: ราย | O6: (รวม รอ หผ / อก / ผจก อนุมัติ ด้วย)
A7: PPIM185012B7 | B7: 20027576734 | C7: นางสาว สุวิตา พฤกษอาภรณ์ | D7: 45432.577 | E7: - | F7: 5 | G7: 45547.36 | H7: เชื่อมต่อเรียบร้อยแล้ว | I7: - | J7: กฟอ.กระทุ่มแบน | L7: รออนุมัติเชื่อมต่อ/รับพิจารณา | M7: =COUNTIF(H:H,"รออนุมัติเชื่อมต่อ/รับพิจารณา")+COUNTIF(H:H,"รอ หผ. อนุมัติ")+COUNTIF(H:H,"รอ ผจก./อก. อนุมัติ") -> 1 | N7: ราย
A8: PPIM185012BF | B8: 20026068942 | C8: นางสาว นภาพร ตันฑุลานิ | D8: 45432.626 | E8: - | F8: 5 | G8: - | H8: ยกเลิก | I8: - | J8: กฟอ.กระทุ่มแบน | L8: รอดำเนินการหลังอนุมัติเชื่อมต่อ / รับพิจารณา | M8: =COUNTIF(H:H,"รอดำเนินการหลังอนุมัติเชื่อมต่อ / รับพิจารณา") -> 9 | N8: ราย
A9: PPIM18501A47 | B9: 20027034246 | C9: น.ส. กมลลักษณ์ เพ็ญปฐม | D9: 45468.881 | E9: - | F9: 3.6 | G9: - | H9: ยกเลิก | I9: - | J9: กฟอ.กระทุ่มแบน | L9: รอแก้ไขเอกสารหลังอนุมัติเชื่อมต่อ / รับพิจารณา | M9: =COUNTIF(H:H,"รอแก้ไขเอกสารหลังอนุมัติเชื่อมต่อ / รับพิจารณา") -> 0 | N9: ราย
A10: PPIM18501DB2 | B10: 20023451555 | C10: นายธมลพรรณ นิลทองคำ | D10: 45483.685 | E10: - | F10: 20 | G10: - | H10: ยกเลิก | I10: - | J10: กฟอ.กระทุ่มแบน | L10: รออนุมัติเชื่อมต่อ (200 kW ขึ้นไป) | M10: =COUNTIF(H:H,"รออนุมัติเชื่อมต่อ (200 kW ขึ้นไป)") -> 0 | N10: ราย
A11: PPIM18501E9E | B11: 20022856677 | C11: นายปัญญา ฟักทองพันธ์ | D11: 45486.661 | E11: - | F11: 5 | G11: - | H11: ยกเลิก | I11: - | J11: กฟอ.กระทุ่มแบน | L11: รอตรวจสอบระบบผลิต | M11: =COUNTIF(H:H,"รอตรวจสอบระบบผลิต") -> 6 | N11: ราย
A12: PPIM18501FCF | B12: 20018924906 | C12: นางยุพา ศักดิ์ศิลปอุดม | D12: 45490.972 | E12: - | F12: 5 | G12: - | H12: ยกเลิก | I12: - | J12: กฟอ.กระทุ่มแบน | L12: รอทดสอบเชื่อมต่อ | M12: =COUNTIF(H:H,"รอทดสอบเชื่อมต่อ") -> 0 | N12: ราย
A13: PPIM18501FD2 | B13: 20025943070 | C13: นางยุพา ศักดิ์ศิลปอุดม | D13: 45491.004 | E13: - | F13: 5 | G13: - | H13: ยกเลิก | I13: - | J13: กฟอ.กระทุ่มแบน | L13: รออนุมัติแจ้งวันเริ่มเชื่อมต่อ | M13: =COUNTIF(H:H,"รออนุมัติแจ้งวันเริ่มเชื่อมต่อ") -> 0 | N13: ราย
A14: PPIM18502592 | B14: 20018399576 | C14: บริษัท พูนสิน คอนกรีต จำกัด | D14: 45517.669 | E14: - | F14: 20 | G14: 45526.615 | H14: เชื่อมต่อเรียบร้อยแล้ว | I14: - | J14: กฟอ.กระทุ่มแบน | L14: เชื่อมต่อเรียบร้อยแล้ว | M14: =COUNTIF(H:H,"เชื่อมต่อเรียบร้อยแล้ว") -> 23 | N14: ราย
A15: PPIM18502957 | B15: 20026348120 | C15: นาย อภิศักดิ์ อาภาแจ่มจรัส | D15: 45530.743 | E15: 45531.577 | F15: 5 | G15: 45574.587 | H15: รอดำเนินการหลังอนุมัติเชื่อมต่อ / รับพิจารณา | I15: - | J15: กฟอ.กระทุ่มแบน
A16: PPIM18502A8F | B16: 20018924906 | C16: นางยุพา ศักดิ์ศิลปอุดม | D16: 45534.262 | E16: - | F16: 5 | G16: 45561.422 | H16: เชื่อมต่อเรียบร้อยแล้ว | I16: - | J16: กฟอ.กระทุ่มแบน
A17: PPIM18502B83 | B17: 20025943070 | C17: นางยุพา ศักดิ์ศิลปอุดม | D17: 45537.89 | E17: - | F17: 5 | G17: 45561.422 | H17: เชื่อมต่อเรียบร้อยแล้ว | I17: - | J17: กฟอ.กระทุ่มแบน
A18: PPIM18502FD8 | B18: 20021267253 | C18: น.ส. ธิดา วิมานวิจิตรศิลป์ | D18: 45553.495 | E18: - | F18: 3 | G18: - | H18: รอชำระเงิน | I18: - | J18: กฟอ.กระทุ่มแบน
A19: PPIM185033D0 | B19: 20026651951 | C19: บริษัท ทรู มูฟ เอช ยูนิเวอร์แซล คอมมิวนิเคชั่น จำกัด | D19: 45566.509 | E19: - | F19: 6 | G19: 45600.543 | H19: เชื่อมต่อเรียบร้อยแล้ว | I19: - | J19: กฟอ.กระทุ่มแบน
A20: PPIM18503486 | B20: 20026068942 | C20: นางสาว นภาพร ตันฑุลานิ | D20: 45568.458 | E20: - | F20: 5 | G20: 45726.408 | H20: รอดำเนินการหลังอนุมัติเชื่อมต่อ / รับพิจารณา | I20: - | J20: กฟอ.กระทุ่มแบน
A21: PPIM18503558 | B21: 20018243901 | C21: บริษัท ไฮ ปั๊ม จำกัด | D21: 45571.458 | E21: - | F21: 20 | G21: 45600.353 | H21: เชื่อมต่อเรียบร้อยแล้ว | I21: - | J21: กฟอ.กระทุ่มแบน
A22: PPIM18504006 | B22: 0 | C22: โรงเรียนสัดสุวรรณรัตนาราม | D22: 45609.917 | E22: - | F22: 10 | G22: - | H22: ยกเลิก | I22: - | J22: กฟอ.กระทุ่มแบน
A23: PPIM1850405B | B23: 20027677363 | C23: บุญลือ คงสกุล | D23: 45610.674 | E23: - | F23: 5 | G23: 45698.606 | H23: รอดำเนินการหลังอนุมัติเชื่อมต่อ / รับพิจารณา | I23: - | J23: กฟอ.กระทุ่มแบน
A24: PPIM1850438C | B24: 20022366682 | C24: บริษัท โอเค อิงค์เจ็ท จำกัด | D24: 45623.498 | E24: - | F24: 20 | G24: - | H24: รอชำระเงิน | I24: - | J24: กฟอ.กระทุ่มแบน
A25: PPIM18504471 | B25: 20027120202 | C25: บริษัท ซีเอสเอส พาณิช จำกัด | D25: 45625.713 | E25: - | F25: 10 | G25: 45695.586 | H25: เชื่อมต่อเรียบร้อยแล้ว | I25: - | J25: กฟอ.กระทุ่มแบน
A26: PPIM1850451C | B26: 20027530686 | C26: น.ส.นันท์ภัส แก้วเกิดศิริ | D26: 45629.576 | E26: - | F26: 5 | G26: - | H26: รอชำระเงิน | I26: - | J26: กฟอ.กระทุ่มแบน
A27: PPIM18504520 | B27: 20003396950 | C27: ขจรศักดิ์ คงคา | D27: 45629.592 | E27: - | F27: 5 | G27: 45722.653 | H27: รอดำเนินการหลังอนุมัติเชื่อมต่อ / รับพิจารณา | I27: - | J27: กฟอ.กระทุ่มแบน
A28: PPIM1850476A | B28: 20027250303 | C28: บริษัท ซี.เจ. เอ็กซ์เพรส กรุ๊ป จำกัด | D28: 45639.758 | E28: - | F28: 20 | G28: 45730.505 | H28: เชื่อมต่อเรียบร้อยแล้ว | I28: - | J28: กฟอ.กระทุ่มแบน
A29: PPIM1950062F | B29: 20002944641 | C29: บริษัท วินสิตา จำกัด | D29: 45684.317 | E29: - | F29: 15 | G29: 45691.431 | H29: รอดำเนินการหลังอนุมัติเชื่อมต่อ / รับพิจารณา | I29: - | J29: กฟอ.กระทุ่มแบน
A30: PPIM19500B31 | B30: 20024153185 | C30: บริษัท บอสตัน เอ็นจิเนียริ่ง จำกัด | D30: 45703.738 | E30: - | F30: 20 | G30: 45714.484 | H30: เชื่อมต่อเรียบร้อยแล้ว | I30: - | J30: กฟอ.กระทุ่มแบน
A31: PPIM19500F25 | B31: 20025676832 | C31: นางสาวญาติกา ชัยยศขำเงิน | D31: 45719.474 | E31: - | F31: 3 | G31: 45730.406 | H31: เชื่อมต่อเรียบร้อยแล้ว | I31: - | J31: กฟอ.กระทุ่มแบน
A32: PPIM195010F1 | B32: 20027530686 | C32: ภวัต ระหงษ์ | D32: 45723.507 | E32: - | F32: 5 | G32: 45737.553 | H32: รอดำเนินการหลังอนุมัติเชื่อมต่อ / รับพิจารณา | I32: - | J32: กฟอ.กระทุ่มแบน
A33: PPIM195012AC | B33: 20028258439 | C33: นายพลชัย กฤษณาวารินทร์ | D33: 45729.657 | E33: - | F33: 10 | G33: 45785.487 | H33: เชื่อมต่อเรียบร้อยแล้ว | I33: - | J33: กฟอ.กระทุ่มแบน
A34: PPIM1950142E | B34: 20026183281 | C34: น.ส.กนกวลี ภิญโญศรี | D34: 45735.492 | E34: - | F34: 5 | G34: 45772.401 | H34: รอตรวจสอบระบบผลิต | I34: - | J34: กฟอ.กระทุ่มแบน
A35: PPIM19501464 | B35: 20016732102 | C35: นางชลัยทิพย์ สินธุนาวา | D35: 45735.692 | E35: - | F35: 15 | G35: - | H35: รอชำระเงิน | I35: - | J35: กฟอ.กระทุ่มแบน
A36: PPIM19501703 | B36: 20026891178 | C36: นางสาววันเพ็ญ ดาวอุปถัมภ์ | D36: 45742.531 | E36: - | F36: 15 | G36: - | H36: ยกเลิก | I36: - | J36: กฟอ.กระทุ่มแบน
A37: PPIM19501A2C | B37: 20003513559 | C37: นาง ณัฏฐิมา อึ้งอัมพร | D37: 45751.933 | E37: - | F37: 10 | G37: 45873.541 | H37: เชื่อมต่อเรียบร้อยแล้ว | I37: - | J37: กฟอ.กระทุ่มแบน
A38: PPIM19501BEF | B38: 20025552217 | C38: นายปิยะพัฒน์ ตุลยากำจาย | D38: 45758.615 | E38: - | F38: 5 | G38: 45860.393 | H38: เชื่อมต่อเรียบร้อยแล้ว | I38: - | J38: กฟอ.กระทุ่มแบน
A39: PPIM19501A69 | B39: 20027861065 | C39: บริษัท เพอร์เฟคเซฟตี้เทรนนิ่ง แอนด์ คอนซัลติ้ง จำกัด | D39: 45754.379 | E39: 45765.443 | F39: 10 | G39: 45859.481 | H39: รอดำเนินการหลังอนุมัติเชื่อมต่อ / รับพิจารณา | I39: - | J39: กฟอ.กระทุ่มแบน
A40: PPIM19501E9C | B40: 20025353864 | C40: นายเอกรินทร์ บัวลอย | D40: 45772.421 | E40: - | F40: 8 | G40: - | H40: รอชำระเงิน | I40: - | J40: กฟอ.กระทุ่มแบน
A41: PPIM19501F81 | B41: 20021947992 | C41: น.ส. ชนิดาภา วสุธนโชติ | D41: 45775.758 | E41: - | F41: 15 | G41: - | H41: รอชำระเงิน | I41: - | J41: กฟอ.กระทุ่มแบน
A42: PPIM19502276 | B42: 20022961667 | C42: บริษัท ภูสิริ 89 มาร์เก็ตติ้ง จำกัด | D42: 45786.631 | E42: - | F42: 11.4 | G42: 45867.485 | H42: เชื่อมต่อเรียบร้อยแล้ว | I42: - | J42: กฟอ.กระทุ่มแบน
A43: PPIM19502338 | B43: 20025460152 | C43: นาง บุญส่ง ซุ้นเจริญ | D43: 45790.503 | E43: - | F43: 2 | G43: 45867.485 | H43: เชื่อมต่อเรียบร้อยแล้ว | I43: - | J43: กฟอ.กระทุ่มแบน
A44: PPIM195024F3 | B44: 20027430741 | C44: นางสาวณัชชา เขียววิไล | D44: 45798.445 | E44: - | F44: 5 | G44: 45859.416 | H44: เชื่อมต่อเรียบร้อยแล้ว | I44: - | J44: กฟอ.กระทุ่มแบน
A45: PPIM19502951 | B45: 20002972750 | C45: นายพิศิษฐ์ ศิรบุลเศรษฐ์ | D45: 45810.56 | E45: - | F45: 20 | G45: 45890.395 | H45: เชื่อมต่อเรียบร้อยแล้ว | I45: - | J45: กฟอ.กระทุ่มแบน
A46: PPIM19502A70 | B46: 20028076199 | C46: น.ส.ยุวดี บุญชัย | D46: 45814.45 | E46: - | F46: 10 | G46: - | H46: ยกเลิก | I46: - | J46: กฟอ.กระทุ่มแบน
A47: PPIM19502B4F | B47: 20019967744 | C47: นายทรัพยงค์ ทรงสกุล | D47: 45817.728 | E47: - | F47: 5 | G47: 45876.437 | H47: เชื่อมต่อเรียบร้อยแล้ว | I47: - | J47: กฟอ.กระทุ่มแบน
A48: PPIM19502BD7 | B48: 20025039773 | C48: บริษัท จีเอ 2007 กำจัด | D48: 45819.473 | E48: - | F48: 20 | G48: - | H48: รอชำระเงิน | I48: - | J48: กฟอ.กระทุ่มแบน
A49: PPIM19502CEA | B49: 20028326772 | C49: น.ส.รุ่งรุจี ทองสร้อย | D49: 45821.676 | E49: - | F49: 5 | G49: - | H49: รอชำระเงิน | I49: - | J49: กฟอ.กระทุ่มแบน
A50: PPIM19503281 | B50: 20003244308 | C50: นายธนกฤต ทองเขม่น | D50: 45840.478 | E50: - | F50: 2 | G50: - | H50: รอชำระเงิน | I50: - | J50: กฟอ.กระทุ่มแบน
A51: PPIM195032B4 | B51: 20028399297 | C51: นางสาวขวัญดาว ดวงขาว | D51: 45840.916 | E51: - | F51: 20 | G51: 45856.655 | H51: เชื่อมต่อเรียบร้อยแล้ว | I51: - | J51: กฟอ.กระทุ่มแบน
A52: PPIM195036DF | B52: 20028076199 | C52: น.ส.ยุวดี บุญชัย | D52: 45856.458 | E52: - | F52: 10 | G52: 45933.606 | H52: รอตรวจสอบระบบผลิต | I52: - | J52: กฟอ.กระทุ่มแบน
A53: PPIM195036FA | B53: 20019141611 | C53: นางภูริตา ประทีบถิ่นทอง | D53: 45856.588 | E53: - | F53: 5 | G53: 45915.636 | H53: รอตรวจสอบระบบผลิต | I53: - | J53: กฟอ.กระทุ่มแบน
A54: PPIM195038B1 | B54: 20023481800 | C54: นาย ชุมพล สว่างจันทร์ | D54: 45861.739 | E54: - | F54: 10 | G54: - | H54: ยกเลิก | I54: - | J54: กฟอ.กระทุ่มแบน
A55: PPIM19503917 | B55: 20018306571 | C55: นางสาวปวีร์รฐา สุขเลิศกิตติวัฒนา | D55: 45863.438 | E55: - | F55: 5 | G55: 45922.542 | H55: รอดำเนินการหลังอนุมัติเชื่อมต่อ / รับพิจารณา | I55: - | J55: กฟอ.กระทุ่มแบน
A56: PPIM19503CAC | B56: 20027119554 | C56: นางสุวรรณา วงศ์สิทธิพร | D56: 45877.505 | E56: - | F56: 5 | G56: - | H56: รอชำระเงิน | I56: - | J56: กฟอ.กระทุ่มแบน
A57: PPIM19503ED9 | B57: 20024081549 | C57: กุลธิรัตน์ แพรบำรุง | D57: 45887.496 | E57: - | F57: 5 | G57: 45925.542 | H57: รอตรวจสอบระบบผลิต | I57: - | J57: กฟอ.กระทุ่มแบน
A58: PPIM19503F1C | B58: 20018482044 | C58: นายพันธุ์ระวี ทองสุข | D58: 45887.703 | E58: - | F58: 3.325 | G58: 45926.494 | H58: เชื่อมต่อเรียบร้อยแล้ว | I58: - | J58: กฟอ.กระทุ่มแบน
A59: PPIM19503F38 | B59: 20019653166 | C59: บริษัท ทรู มูฟ เอช ยูนิเวอร์แซลคอมมิวนิเคชั่น จำกัด | D59: 45887.943 | E59: - | F59: 6 | G59: 45910.612 | H59: เชื่อมต่อเรียบร้อยแล้ว | I59: - | J59: กฟอ.กระทุ่มแบน
A60: PPIM19503F66 | B60: 20027045770 | C60: บริษัท บี ฟลอร์ เอ็กซ์เปอร์ติส จำกัด | D60: 45888.488 | E60: - | F60: 15 | G60: 45957.583 | H60: รอตรวจสอบระบบผลิต | I60: - | J60: กฟอ.กระทุ่มแบน
A61: PPIM19504094 | B61: 20027164355 | C61: บริษัท เค.พี อินเตอร์ (ประเทศไทย) จำกัด | D61: 45891.481 | E61: - | F61: 10 | G61: 45957.583 | H61: รอตรวจสอบระบบผลิต | I61: - | J61: กฟอ.กระทุ่มแบน
A62: PPIM195049F0 | B62: 20023481800 | C62: นาย ชุมพล สว่างจันทร์ | D62: 45923.521 | E62: - | F62: 10 | G62: - | H62: รออนุมัติเชื่อมต่อ/รับพิจารณา | I62: อฝ./ผจก. | J62: กฟอ.กระทุ่มแบน
A63: PPIM19505078 | B63: 20027554293 | C63: นาง จุไรรัตน์ พรหมประเสริฐ | D63: 45946.358 | E63: - | F63: 10 | G63: - | H63: รอตรวจสอบคำขอ | I63: - | J63: กฟอ.กระทุ่มแบน
A64: PPIM195053FE | B64: 20002990140 | C64: นายพิทักษ์ เดชสมบูรณ์รัตน์ | D64: 45959.644 | E64: - | F64: 5 | G64: - | H64: รอตรวจสอบคำขอ | I64: - | J64: กฟอ.กระทุ่มแบน
A65: PPIM195055D1 | B65: 20027806622 | C65: นายชินกฤต ไกรแก้ว | D65: 45966.384 | E65: - | F65: 12 | G65: - | H65: รอตรวจสอบคำขอ | I65: - | J65: กฟอ.กระทุ่มแบน
A66: PPIM195055D6 | B66: 20016479229 | C66: มนกานต์ รุจีปกรณ์ | D66: 45966.41 | E66: - | F66: 10 | G66: - | H66: รอตรวจสอบคำขอ | I66: - | J66: กฟอ.กระทุ่มแบน
A67: PPIM19505A42 | B67: 20003362361 | C67: นายนพ วงษ์ถนอม | D67: 45981.536 | E67: - | F67: 10 | G67: - | H67: รอตรวจสอบคำขอ | I67: - | J67: กฟอ.กระทุ่มแบน
A68: PPIM19505A44 | B68: 20023687111 | C68: บริษัท พีแอนด์ดับบลิว โซโลชั่นเทคโนโลยี จำกัด | D68: 45981.566 | E68: - | F68: 10 | G68: - | H68: รอตรวจสอบคำขอ | I68: - | J68: กฟอ.กระทุ่มแบน
A69: PPIM19505C98 | B69: 20003528633 | C69: นายบุญเลิศ แตงเอี่ยม | D69: 45990.634 | E69: - | F69: 8 | G69: - | H69: รอตรวจสอบคำขอ | I69: - | J69: กฟอ.กระทุ่มแบน

Sheet กฟส สมุทรสาคร 2
A2: เลขที่คำขอ | B2: หมายเลข CA | C2: ชื่อผู้ใช้ไฟฟ้า | D2: วันที่ยื่นคำขอ | E2: วันที่ยื่นแก้ไขคำขอ | F2: กำลังการผลิต (kW) | G2: วันที่ชำระเงิน | H2: สถานะคำขอ | J2: พื้นที่ กฟฟ. | L2: รวม | M2: =COUNT(B:B) -> 53 | N2: ราย
A3: PPIM1850011B | B3: 20018456958 | C3: นาง วราภรณ์ อิงพงษ์พันธ์ | D3: 45315.471 | E3: - | F3: 10 | G3: 45401.579 | H3: เชื่อมต่อเรียบร้อยแล้ว | I3: - | J3: กฟจ.สมุทรสาคร 2 | L3: รอตรวจสอบคำขอ | M3: =COUNTIF(H:H,"รอตรวจสอบคำขอ") -> 0 | N3: ราย
A4: PPIM18500449 | B4: 20026166202 | C4: นายประสิทธิ์ ธรรมเกษตรศรี | D4: 45334.669 | E4: - | F4: 5 | G4: - | H4: ยกเลิก | I4: - | J4: กฟจ.สมุทรสาคร 2 | L4: ยกเลิก | M4: =COUNTIF(H:H,"ยกเลิก") -> 19 | N4: ราย
A5: PPIM18500E3E | B5: 20002869866 | C5: นายสายันต์ รื่นรวย | D5: 45405.699 | E5: - | F5: 5 | G5: - | H5: รอชำระเงิน | I5: - | J5: กฟจ.สมุทรสาคร 2 | L5: รอผู้ยื่นคำขอส่งเอกสารแก้ไข | M5: =COUNTIF(H:H,"รอผู้ยื่นคำขอส่งเอกสารแก้ไข") -> 0 | N5: ราย
A6: PPIM185010E7 | B6: 20026166202 | C6: นายประสิทธิ์ ธรรมเกษตรศรี | D6: 45422.398 | E6: - | F6: 5 | G6: 45483.65 | H6: เชื่อมต่อเรียบร้อยแล้ว | I6: - | J6: กฟจ.สมุทรสาคร 2 | L6: รอชำระเงิน | M6: =COUNTIF(H:H,"รอชำระเงิน") -> 6 | N6: ราย | O6: (รวม รอ หผ / อก / ผจก อนุมัติ ด้วย)
A7: PPIM1850185C | B7: 20019912949 | C7: นางรำพึง มีน้อย | D7: 45460.651 | E7: 45461.399 | F7: 10 | G7: - | H7: ยกเลิก | I7: - | J7: กฟย.กาหลง | L7: รออนุมัติเชื่อมต่อ/รับพิจารณา | M7: =COUNTIF(H:H,"รออนุมัติเชื่อมต่อ/รับพิจารณา")+COUNTIF(H:H,"รอ หผ. อนุมัติ")+COUNTIF(H:H,"รอ ผจก./อก. อนุมัติ") -> 0 | N7: ราย
A8: PPIM18501889 | B8: 20019912949 | C8: นางรำพึง มีน้อย | D8: 45461.442 | E8: - | F8: 10 | G8: 45478.603 | H8: เชื่อมต่อเรียบร้อยแล้ว | I8: - | J8: กฟย.กาหลง | L8: รอดำเนินการหลังอนุมัติเชื่อมต่อ / รับพิจารณา | M8: =COUNTIF(H:H,"รอดำเนินการหลังอนุมัติเชื่อมต่อ / รับพิจารณา") -> 4 | N8: ราย
A9: PPIM185010D8 | B9: 20021931198 | C9: นางสาวศันสนีย์ สุขปาน | D9: 45421.734 | E9: 45461.493 | F9: 5 | G9: 45483.356 | H9: เชื่อมต่อเรียบร้อยแล้ว | I9: - | J9: กฟย.กาหลง | L9: รอแก้ไขเอกสารหลังอนุมัติเชื่อมต่อ / รับพิจารณา | M9: =COUNTIF(H:H,"รอแก้ไขเอกสารหลังอนุมัติเชื่อมต่อ / รับพิจารณา") -> 0 | N9: ราย
A10: PPIM185018CB | B10: 20019912949 | C10: นางรำพึง มีน้อย | D10: 45462.484 | E10: - | F10: 10 | G10: - | H10: ยกเลิก | I10: - | J10: กฟย.กาหลง | L10: รออนุมัติเชื่อมต่อ (200 kW ขึ้นไป) | M10: =COUNTIF(H:H,"รออนุมัติเชื่อมต่อ (200 kW ขึ้นไป)") -> 0 | N10: ราย
A11: PPIM1850198E | B11: 20018372039 | C11: บริษัท ซิตี้ไลอ้อนสตีม จำกัด | D11: 45465.546 | E11: - | F11: 10 | G11: 45477.42 | H11: เชื่อมต่อเรียบร้อยแล้ว | I11: - | J11: กฟจ.สมุทรสาคร 2 | L11: รอตรวจสอบระบบผลิต | M11: =COUNTIF(H:H,"รอตรวจสอบระบบผลิต") -> 0 | N11: ราย
A12: PPIM18501A4C | B12: 20026867478 | C12: นาย มาโนช สว่างโรจน์ | D12: 45468.971 | E12: - | F12: 3.6 | G12: - | H12: ยกเลิก | I12: - | J12: กฟจ.สมุทรสาคร 2 | L12: รอทดสอบเชื่อมต่อ | M12: =COUNTIF(H:H,"รอทดสอบเชื่อมต่อ") -> 0 | N12: ราย
A13: PPIM18501A7B | B13: 20018536589 | C13: นางสาวกัญญาภัค ฉ่ำอาลัย | D13: 45469.621 | E13: - | F13: 5 | G13: 45482.544 | H13: เชื่อมต่อเรียบร้อยแล้ว | I13: - | J13: กฟจ.สมุทรสาคร 2 | L13: รออนุมัติแจ้งวันเริ่มเชื่อมต่อ | M13: =COUNTIF(H:H,"รออนุมัติแจ้งวันเริ่มเชื่อมต่อ") -> 0 | N13: ราย
A14: PPIM18502015 | B14: 20021439348 | C14: นายสุระเกียรติ ลิปิวัฒนาการ | D14: 45491.666 | E14: - | F14: 4 | G14: 45560.561 | H14: เชื่อมต่อเรียบร้อยแล้ว | I14: - | J14: กฟจ.สมุทรสาคร 2 | L14: เชื่อมต่อเรียบร้อยแล้ว | M14: =COUNTIF(H:H,"เชื่อมต่อเรียบร้อยแล้ว") -> 24 | N14: ราย
A15: PPIM18502240 | B15: 20027859469 | C15: นางสาว พิจิตรา เคี่ยมสมุทร | D15: 45499.742 | E15: - | F15: 10 | G15: - | H15: ยกเลิก | I15: - | J15: กฟต.คลองตัน
A16: PPIM18502925 | B16: 20026651967 | C16: บริษัท ทรู มูฟ เอช ยูนิเวอร์แซล คอมมิวนิเคชั่น จำกัด | D16: 45530.512 | E16: - | F16: 12 | G16: 45569.637 | H16: เชื่อมต่อเรียบร้อยแล้ว | I16: - | J16: กฟจ.สมุทรสาคร 2
A17: PPIM18502B1D | B17: 20021274548 | C17: ศาวงษ์ จุ้ยเจริญ | D17: 45536.765 | E17: - | F17: 20 | G17: - | H17: ยกเลิก | I17: - | J17: กฟย.กาหลง
A18: PPIM18502562 | B18: 20016758855 | C18: ธนาคารออมสิน | D18: 45517.437 | E18: 45552.598 | F18: 5 | G18: 45625.653 | H18: เชื่อมต่อเรียบร้อยแล้ว | I18: - | J18: กฟจ.สมุทรสาคร 2
A19: PPIM185030BD | B19: 20018913992 | C19: นายแสน แสนอินเฮียง | D19: 45555.56 | E19: 45566.436 | F19: 5 | G19: 45685.565 | H19: รอดำเนินการหลังอนุมัติเชื่อมต่อ / รับพิจารณา | I19: - | J19: กฟจ.สมุทรสาคร 2
A20: PPIM185034BC | B20: 20003471561 | C20: กัษมี อัครเมธีกุล | D20: 45568.675 | E20: - | F20: 5 | G20: 45642.443 | H20: เชื่อมต่อเรียบร้อยแล้ว | I20: - | J20: กฟจ.สมุทรสาคร 2
A21: PPIM185037BF | B21: 20022691371 | C21: บริษัท ปิโตรเลียมไทยคอร์ปอเรชั่น จำกัด | D21: 45579.601 | E21: - | F21: 20 | G21: 45961.481 | H21: เชื่อมต่อเรียบร้อยแล้ว | I21: - | J21: กฟจ.สมุทรสาคร 2
A22: PPIM185039E9 | B22: 20003156021 | C22: นางสมพิศ นักรบ | D22: 45587.442 | E22: - | F22: 5 | G22: - | H22: รอชำระเงิน | I22: - | J22: กฟย.กาหลง
A23: PPIM18503A1D | B23: 20027037140 | C23: นางสาวกฤติยาภรณ์ พิมพ์สวัสดิ์ | D23: 45587.65 | E23: - | F23: 5 | G23: 45685.565 | H23: รอดำเนินการหลังอนุมัติเชื่อมต่อ / รับพิจารณา | I23: - | J23: กฟจ.สมุทรสาคร 2
A24: PPIM195000BD | B24: 20022206078 | C24: นาย อุทัย ศรีเพชรนัย | D24: 45663.638 | E24: - | F24: 5 | G24: - | H24: ยกเลิก | I24: - | J24: กฟจ.สมุทรสาคร 2
A25: PPIM1950078C | B25: 20023030071 | C25: นาย วทัญญู สีมาวิจัย | D25: 45688.681 | E25: - | F25: 2.375 | G25: 45870.553 | H25: เชื่อมต่อเรียบร้อยแล้ว | I25: - | J25: กฟย.กาหลง
A26: PPIM195012C0 | B26: 20019871521 | C26: นายชูชาติ อู่ตะเภา | D26: 45729.706 | E26: - | F26: 5 | G26: - | H26: ยกเลิก | I26: - | J26: กฟจ.สมุทรสาคร 2
A27: PPIM19500353 | B27: 20026694358 | C27: นางประภาพร กังวาลสิงหนาท | D27: 45672.711 | E27: 45736.398 | F27: 5 | G27: 45869.654 | H27: รอดำเนินการหลังอนุมัติเชื่อมต่อ / รับพิจารณา | I27: - | J27: กฟจ.สมุทรสาคร 2
A28: PPIM19501962 | B28: 20020568715 | C28: นาย เฉลิมชัย จีนสุขประเสริฐ | D28: 45749.574 | E28: - | F28: 5 | G28: - | H28: ยกเลิก | I28: - | J28: กฟต.คลองตัน
A29: PPIM19503242 | B29: 20003028766 | C29: นายบุญส่ง อมรลักษณ์ปรีชา | D29: 45839.638 | E29: - | F29: 5 | G29: - | H29: ยกเลิก | I29: - | J29: กฟย.กาหลง
A30: PPIM19503354 | B30: 20018170859 | C30: น.ส.วาสนา ชื่นวารี | D30: 45842.716 | E30: - | F30: 10 | G30: - | H30: ยกเลิก | I30: - | J30: กฟต.คลองตัน
A31: PPIM19502EEC | B31: 20028330139 | C31: นางแววตะวัน ฮะบุญมี | D31: 45828.673 | E31: 45852.565 | F31: 10 | G31: 45931.527 | H31: เชื่อมต่อเรียบร้อยแล้ว | I31: - | J31: กฟจ.สมุทรสาคร 2
A32: PPIM19503705 | B32: 20002907376 | C32: โรงเรียนวัดหนองสองห้อง | D32: 45856.63 | E32: - | F32: 10 | G32: - | H32: ยกเลิก | I32: - | J32: กฟจ.สมุทรสาคร 2
A33: PPIM195036A6 | B33: 20026564779 | C33: นางสาวสมหมาย สุขสายัณ | D33: 45855.626 | E33: 45861.622 | F33: 10 | G33: 45888.496 | H33: เชื่อมต่อเรียบร้อยแล้ว | I33: - | J33: กฟจ.สมุทรสาคร 2
A34: PPIM19503861 | B34: 20002907376 | C34: โรงเรียนวัดหนองสองห้อง | D34: 45861.411 | E34: 45862.918 | F34: 10 | G34: 45933.606 | H34: เชื่อมต่อเรียบร้อยแล้ว | I34: - | J34: กฟจ.สมุทรสาคร 2
A35: PPIM1950395E | B35: 20022886815 | C35: องค์การบริหารส่วนตำบลกาหลง | D35: 45864.576 | E35: - | F35: 10 | G35: - | H35: ยกเลิก | I35: - | J35: กฟย.กาหลง
A36: PPIM195039F8 | B36: 20022886815 | C36: องค์การบริหารส่วนตำบลกาหลง | D36: 45868.39 | E36: - | F36: 10 | G36: - | H36: ยกเลิก | I36: - | J36: กฟย.กาหลง
A37: PPIM19503A89 | B37: 20022886815 | C37: อาคารป้องกันฯ องค์การบริหารส่วนตำบลกาหลง | D37: 45870.39 | E37: - | F37: 10 | G37: 45903.591 | H37: เชื่อมต่อเรียบร้อยแล้ว | I37: - | J37: กฟย.กาหลง
A38: PPIM19503BF0 | B38: 20020423581 | C38: วัดวังชัยทรัพย์วิมล | D38: 45875.469 | E38: - | F38: 10 | G38: 45903.577 | H38: เชื่อมต่อเรียบร้อยแล้ว | I38: - | J38: กฟจ.สมุทรสาคร 2
A39: PPIM19503C47 | B39: 20003028766 | C39: นายบุญส่ง อมรลักษณ์ปรีชา | D39: 45876.444 | E39: - | F39: 5 | G39: - | H39: ยกเลิก | I39: - | J39: กฟย.กาหลง
A40: PPIM19504312 | B40: 20002976736 | C40: น.ส.วรัญธกรรญา ภัททวีนันทการ | D40: 45900.888 | E40: - | F40: 5 | G40: - | H40: ยกเลิก | I40: - | J40: กฟจ.สมุทรสาคร 2
A41: PPIM19504406 | B41: 20002976736 | C41: พรศักดิ์ ตั้งสายัณห์ | D41: 45903.755 | E41: - | F41: 5 | G41: - | H41: ยกเลิก | I41: - | J41: กฟจ.สมุทรสาคร 2
A42: PPIM1950444C | B42: 20003028766 | C42: นายบุญส่ง อมรลักษณ์ปรีชา | D42: 45904.688 | E42: - | F42: 5 | G42: 45919.578 | H42: เชื่อมต่อเรียบร้อยแล้ว | I42: - | J42: กฟย.กาหลง
A43: PPIM195044DE | B43: 20002976736 | C43: พรศักดิ์ ตั้งสายัณห์ | D43: 45906.596 | E43: - | F43: 5 | G43: - | H43: รอชำระเงิน | I43: - | J43: กฟจ.สมุทรสาคร 2
A44: PPIM195047F6 | B44: 20028639775 | C44: นาย สิทธิกร ฮวบบางยาง | D44: 45916.863 | E44: - | F44: 5 | G44: 45933.5 | H44: เชื่อมต่อเรียบร้อยแล้ว | I44: - | J44: กฟต.คลองตัน
A45: PPIM19504897 | B45: 20017375802 | C45: องค์การบริหารส่วนตำบลชัยมงคล | D45: 45918.874 | E45: - | F45: 15 | G45: 45940.461 | H45: เชื่อมต่อเรียบร้อยแล้ว | I45: - | J45: กฟจ.สมุทรสาคร 2
A46: PPIM19504A42 | B46: 20028362567 | C46: นายชูศักดิ์ สุริยาวรกุล | D46: 45924.456 | E46: - | F46: 8 | G46: - | H46: ยกเลิก | I46: - | J46: กฟย.กาหลง
A47: PPIM19504ACD | B47: 20003502307 | C47: นายประกอบ อยู่คชลักษณ์ | D47: 45925.642 | E47: - | F47: 2 | G47: - | H47: รอชำระเงิน | I47: - | J47: กฟย.กาหลง
A48: PPIM19504B35 | B48: 20028362567 | C48: นายชูศักดิ์ สุริยาวรกุล | D48: 45926.711 | E48: - | F48: 8 | G48: 45946.494 | H48: เชื่อมต่อเรียบร้อยแล้ว | I48: - | J48: กฟย.กาหลง
A49: PPIM19504B74 | B49: 20025628725 | C49: นางมัทนพร ผลประเสริฐ | D49: 45929.421 | E49: - | F49: 10 | G49: 45947.571 | H49: เชื่อมต่อเรียบร้อยแล้ว | I49: - | J49: กฟจ.สมุทรสาคร 2
A50: PPIM19504FCC | B50: 20003360755 | C50: นางจิตราภรณ์ เนียมรอด | D50: 45944.456 | E50: - | F50: 5 | G50: 45947.381 | H50: เชื่อมต่อเรียบร้อยแล้ว | I50: - | J50: กฟย.กาหลง
A51: PPIM19504FE3 | B51: 20021061366 | C51: นายชูชาติ เอี่ยมสำอางค์ | D51: 45944.58 | E51: - | F51: 3.8 | G51: 45952.448 | H51: เชื่อมต่อเรียบร้อยแล้ว | I51: - | J51: กฟจ.สมุทรสาคร 2
A52: PPIM19504FE9 | B52: 20027623004 | C52: นายอรรถวุฒิ เลิศสาครศิริ | D52: 45944.59 | E52: - | F52: 5 | G52: - | H52: รอชำระเงิน | I52: - | J52: กฟจ.สมุทรสาคร 2
A53: PPIM19505150 | B53: 20003068026 | C53: นายวิจิตร อ่วมประทุม | D53: 45950.449 | E53: - | F53: 5 | G53: - | H53: ยกเลิก | I53: - | J53: กฟจ.สมุทรสาคร 2
A54: PPIM195054D6 | B54: 20003068026 | C54: นายวิจิตร อ่วมประทุม | D54: 45962.406 | E54: - | F54: 10 | G54: 45967.443 | H54: รอดำเนินการหลังอนุมัติเชื่อมต่อ / รับพิจารณา | I54: - | J54: กฟจ.สมุทรสาคร 2
A55: PPIM195058B7 | B55: 20017996664 | C55: นายไชยันต์ เจียมสินกุล | D55: 45975.604 | E55: - | F55: 5 | G55: - | H55: รอชำระเงิน | I55: - | J55: กฟจ.สมุทรสาคร 2

Sheet กฟส โคกขาม
A2: เลขที่คำขอ | B2: หมายเลข CA | C2: ชื่อผู้ใช้ไฟฟ้า | D2: วันที่ยื่นคำขอ | E2: วันที่ยื่นแก้ไขคำขอ | F2: กำลังการผลิต (kW) | G2: วันที่ชำระเงิน | H2: สถานะคำขอ | J2: พื้นที่ กฟฟ. | L2: รวม | M2: =COUNT(B:B) -> 110 | N2: ราย
A3: PPIM18500047 | B3: 20021290770 | C3: ห้างหุ้นส่วนจำกัดพระมาโปรด | D3: 45308.449 | E3: - | F3: 5 | G3: - | H3: ยกเลิก | I3: - | J3: กฟต.โคกขาม | L3: รอตรวจสอบคำขอ | M3: =COUNTIF(H:H,"รอตรวจสอบคำขอ") -> 2 | N3: ราย
A4: PPIM18500249 | B4: 20021610770 | C4: นางชวนชื่น วาดวารี | D4: 45322.692 | E4: - | F4: 10 | G4: - | H4: ยกเลิก | I4: - | J4: กฟต.โคกขาม | L4: ยกเลิก | M4: =COUNTIF(H:H,"ยกเลิก") -> 21 | N4: ราย
A5: PPIM18500CA6 | B5: 20020268326 | C5: นาย รังษี ธนศิริพร | D5: 45390.458 | E5: - | F5: 20 | G5: - | H5: ยกเลิก | I5: - | J5: กฟต.โคกขาม | L5: รอผู้ยื่นคำขอส่งเอกสารแก้ไข | M5: =COUNTIF(H:H,"รอผู้ยื่นคำขอส่งเอกสารแก้ไข") -> 0 | N5: ราย
A6: PPIM18500DD1 | B6: 20020268326 | C6: นาย รังษี ธนศิริพร | D6: 45401.672 | E6: - | F6: 10 | G6: - | H6: ยกเลิก | I6: - | J6: กฟต.โคกขาม | L6: รอชำระเงิน | M6: =COUNTIF(H:H,"รอชำระเงิน") -> 5 | N6: ราย | O6: (รวม รอ หผ / อก / ผจก อนุมัติ ด้วย)
A7: PPIM18500DFB | B7: 20020268326 | C7: นายรังษี ธนศืรืพร | D7: 45404.381 | E7: - | F7: 20 | G7: - | H7: ยกเลิก | I7: - | J7: กฟต.โคกขาม | L7: รออนุมัติเชื่อมต่อ/รับพิจารณา | M7: =COUNTIF(H:H,"รออนุมัติเชื่อมต่อ/รับพิจารณา")+COUNTIF(H:H,"รอ หผ. อนุมัติ")+COUNTIF(H:H,"รอ ผจก./อก. อนุมัติ") -> 0 | N7: ราย
A8: PPIM18500DFC | B8: 20020268326 | C8: นายรังษี ธนศิริพร | D8: 45404.394 | E8: - | F8: 20 | G8: 45490.529 | H8: เชื่อมต่อเรียบร้อยแล้ว | I8: - | J8: กฟต.โคกขาม | L8: รอดำเนินการหลังอนุมัติเชื่อมต่อ / รับพิจารณา | M8: =COUNTIF(H:H,"รอดำเนินการหลังอนุมัติเชื่อมต่อ / รับพิจารณา") -> 7 | N8: ราย
A9: PPIM18500DDD | B9: 20021610770 | C9: นาง ชวนชื่น วาดวารี | D9: 45402.451 | E9: 45404.705 | F9: 10 | G9: 45462.611 | H9: เชื่อมต่อเรียบร้อยแล้ว | I9: - | J9: กฟต.โคกขาม | L9: รอแก้ไขเอกสารหลังอนุมัติเชื่อมต่อ / รับพิจารณา | M9: =COUNTIF(H:H,"รอแก้ไขเอกสารหลังอนุมัติเชื่อมต่อ / รับพิจารณา") -> 0 | N9: ราย
A10: PPIM18500EF4 | B10: 20027290486 | C10: นาย ประวิทย์ สายทอง | D10: 45409.735 | E10: - | F10: 5 | G10: 45457.556 | H10: เชื่อมต่อเรียบร้อยแล้ว | I10: - | J10: กฟต.โคกขาม | L10: รออนุมัติเชื่อมต่อ (200 kW ขึ้นไป) | M10: =COUNTIF(H:H,"รออนุมัติเชื่อมต่อ (200 kW ขึ้นไป)") -> 0 | N10: ราย
A11: PPIM1850110D | B11: 20026347545 | C11: นาย รุ่งนที กอบกิจวัฒนากูล | D11: 45422.744 | E11: - | F11: 5 | G11: 45468.401 | H11: เชื่อมต่อเรียบร้อยแล้ว | I11: - | J11: กฟต.โคกขาม | L11: รอตรวจสอบระบบผลิต | M11: =COUNTIF(H:H,"รอตรวจสอบระบบผลิต") -> 3 | N11: ราย
A12: PPIM18500FCA | B12: 20025146068 | C12: อรทัยรัตน์ หุ่นเจริญ | D12: 45414.924 | E12: 45454.351 | F12: 10 | G12: 45510.555 | H12: เชื่อมต่อเรียบร้อยแล้ว | I12: - | J12: กฟต.โคกขาม | L12: รอทดสอบเชื่อมต่อ | M12: =COUNTIF(H:H,"รอทดสอบเชื่อมต่อ") -> 0 | N12: ราย
A13: PPIM185017B0 | B13: 22223388408 | C13: ณัฏฐ์สิณี โปรเทียรณ์ | D13: 45456.744 | E13: - | F13: 6 | G13: - | H13: ยกเลิก | I13: - | J13: กฟต.โคกขาม | L13: รออนุมัติแจ้งวันเริ่มเชื่อมต่อ | M13: =COUNTIF(H:H,"รออนุมัติแจ้งวันเริ่มเชื่อมต่อ") -> 0 | N13: ราย
A14: PPIM18501873 | B14: 20026891697 | C14: นายธัญญ์นิธิ รู้ขายวงศ์เจริญ | D14: 45460.847 | E14: - | F14: 20 | G14: 45510.555 | H14: เชื่อมต่อเรียบร้อยแล้ว | I14: - | J14: กฟต.โคกขาม | L14: เชื่อมต่อเรียบร้อยแล้ว | M14: =COUNTIF(H:H,"เชื่อมต่อเรียบร้อยแล้ว") -> 72 | N14: ราย
A15: PPIM18501930 | B15: 20021229444 | C15: บจก.พีพี โฟรเซ่น ฟู๊ดส์ จำกัด | D15: 45463.774 | E15: - | F15: 10 | G15: 45485.412 | H15: รอดำเนินการหลังอนุมัติเชื่อมต่อ / รับพิจารณา | I15: - | J15: กฟต.โคกขาม
A16: PPIM18501B51 | B16: 20020135747 | C16: นายประสิทธิ์ชัย มณฑา | D16: 45473.859 | E16: - | F16: 5 | G16: 45506.456 | H16: เชื่อมต่อเรียบร้อยแล้ว | I16: - | J16: กฟต.โคกขาม
A17: PPIM18501D28 | B17: 20027750272 | C17: นายไชยา ปิ่นแก้ว | D17: 45481.697 | E17: 45482.433 | F17: 5 | G17: 45490.527 | H17: เชื่อมต่อเรียบร้อยแล้ว | I17: - | J17: กฟต.โคกขาม
A18: PPIM18501B82 | B18: 20025748586 | C18: นายพิศักดิ์ ปิยะมาวดี | D18: 45474.707 | E18: 45482.45 | F18: 10 | G18: - | H18: ยกเลิก | I18: - | J18: กฟต.โคกขาม
A19: PPIM185018DE | B19: 20003238422 | C19: นางสาว จิดาภา อุ้ยศิริพร | D19: 45462.645 | E19: 45489.691 | F19: 5 | G19: - | H19: ยกเลิก | I19: - | J19: กฟต.โคกขาม
A20: PPIM1850202C | B20: 20002954023 | C20: ห้างหุ้นส่วนจำกัด พิบูลพงษ์ | D20: 45491.97 | E20: 45493.428 | F20: 10 | G20: 45520.416 | H20: เชื่อมต่อเรียบร้อยแล้ว | I20: - | J20: กฟต.โคกขาม
A21: PPIM18502130 | B21: 20003388408 | C21: นาง ณัฏฐ์สินี โปรเทียรณ์ | D21: 45497.383 | E21: - | F21: 6 | G21: 45503.627 | H21: เชื่อมต่อเรียบร้อยแล้ว | I21: - | J21: กฟต.โคกขาม
A22: PPIM1850237E | B22: 20025483094 | C22: นาย กฤษ จันทร์ขำ | D22: 45507.389 | E22: - | F22: 5 | G22: 45539.645 | H22: เชื่อมต่อเรียบร้อยแล้ว | I22: - | J22: กฟต.โคกขาม
A23: PPIM18502636 | B23: 20021290770 | C23: ห้างหุ้นส่วนจำกัด พระมาโปรด | D23: 45519.588 | E23: 45519.638 | F23: 5 | G23: 45520.487 | H23: เชื่อมต่อเรียบร้อยแล้ว | I23: - | J23: กฟต.โคกขาม
A24: PPIM1850265B | B24: 20027059920 | C24: นาย สมโชค ธาวนพงษ์ | D24: 45519.705 | E24: - | F24: 10 | G24: 45524.61 | H24: เชื่อมต่อเรียบร้อยแล้ว | I24: - | J24: กฟต.โคกขาม
A25: PPIM18502A10 | B25: 20023906206 | C25: กิจรุ่งเรืองวู๊ด | D25: 45532.689 | E25: - | F25: 10 | G25: 45562.372 | H25: เชื่อมต่อเรียบร้อยแล้ว | I25: - | J25: กฟต.โคกขาม
A26: PPIM18502A17 | B26: 20003514669 | C26: สํานักงานสาธารณสุขจังหวัดสมุทรสาคร | D26: 45532.697 | E26: - | F26: 15 | G26: 45562.372 | H26: เชื่อมต่อเรียบร้อยแล้ว | I26: - | J26: กฟต.โคกขาม
A27: PPIM18502A45 | B27: 20024607849 | C27: นางสาวธารีรัตน์ ลิ้มประเสริฐ | D27: 45533.428 | E27: - | F27: 10 | G27: 45558.615 | H27: เชื่อมต่อเรียบร้อยแล้ว | I27: - | J27: กฟต.โคกขาม
A28: PPIM18502A92 | B28: 20003040569 | C28: รุ่งทิวา สุวรรณดิษฐ | D28: 45534.385 | E28: - | F28: 15 | G28: 45562.372 | H28: เชื่อมต่อเรียบร้อยแล้ว | I28: - | J28: กฟต.โคกขาม
A29: PPIM18502E6E | B29: 20019587505 | C29: นาย วิโรจน์ แซ่ซื้อ | D29: 45547.74 | E29: - | F29: 5 | G29: 45681.547 | H29: เชื่อมต่อเรียบร้อยแล้ว | I29: - | J29: กฟต.โคกขาม
A30: PPIM18502E71 | B30: 20027012526 | C30: นาย วัชรพงค์ ม่วงสวนขวัญ | D30: 45547.752 | E30: - | F30: 5 | G30: 45608.486 | H30: เชื่อมต่อเรียบร้อยแล้ว | I30: - | J30: กฟต.โคกขาม
A31: PPIM185030AE | B31: 20003461593 | C31: นายศักดา รัตนไพบูลย์ | D31: 45555.496 | E31: - | F31: 5 | G31: 45560.521 | H31: เชื่อมต่อเรียบร้อยแล้ว | I31: - | J31: กฟต.โคกขาม
A32: PPIM18503165 | B32: 20026477726 | C32: นางอัมพวรรณ วิมลเจริญสุข | D32: 45558.583 | E32: - | F32: 5 | G32: 45573.46 | H32: เชื่อมต่อเรียบร้อยแล้ว | I32: - | J32: กฟต.โคกขาม
A33: PPIM185031E5 | B33: 20018351236 | C33: นายศิวกร จตุชัยธนากุล | D33: 45559.651 | E33: - | F33: 5 | G33: 45573.46 | H33: เชื่อมต่อเรียบร้อยแล้ว | I33: - | J33: กฟต.โคกขาม
A34: PPIM185033C9 | B34: 20027961870 | C34: นายสถาพร พัวพันธ์ | D34: 45566.459 | E34: - | F34: 3 | G34: 45573.46 | H34: เชื่อมต่อเรียบร้อยแล้ว | I34: - | J34: กฟต.โคกขาม
A35: PPIM1850341D | B35: 20027007513 | C35: นายอิทธิพล ตันดิลก | D35: 45567.491 | E35: - | F35: 10 | G35: 45580.566 | H35: เชื่อมต่อเรียบร้อยแล้ว | I35: - | J35: กฟต.โคกขาม
A36: PPIM18503668 | B36: 20024648282 | C36: นางกัญญ์วรัทย์ ศิริสังข์ไชย | D36: 45574.387 | E36: - | F36: 5 | G36: 45583.617 | H36: รอดำเนินการหลังอนุมัติเชื่อมต่อ / รับพิจารณา | I36: - | J36: กฟต.โคกขาม
A37: PPIM18503506 | B37: 20027343498 | C37: นายสมเกียรติ ภูมิชัยสุวรรณ์ | D37: 45569.617 | E37: 45581.683 | F37: 3 | G37: 45603.431 | H37: เชื่อมต่อเรียบร้อยแล้ว | I37: - | J37: กฟต.โคกขาม
A38: PPIM185038D1 | B38: 20003541082 | C38: นางปราณี รอดคง | D38: 45583.442 | E38: - | F38: 20 | G38: 45614.61 | H38: ยกเลิก | I38: - | J38: กฟต.โคกขาม
A39: PPIM18503B19 | B39: 20023652537 | C39: นางชลธิชา พัฒนพิฑูรย์ | D39: 45593.392 | E39: 45595.55 | F39: 5 | G39: 45651.422 | H39: เชื่อมต่อเรียบร้อยแล้ว | I39: - | J39: กฟต.โคกขาม
A40: PPIM185038F1 | B40: 20027203431 | C40: นางวันวิสาข์ มาศิริ | D40: 45583.613 | E40: 45596.635 | F40: 5 | G40: 45685.565 | H40: รอดำเนินการหลังอนุมัติเชื่อมต่อ / รับพิจารณา | I40: - | J40: กฟต.โคกขาม
A41: PPIM18503C48 | B41: 20028077341 | C41: นางภรทิพย์ ลือสุขประเสริฐ | D41: 45596.724 | E41: - | F41: 10 | G41: - | H41: ยกเลิก | I41: - | J41: กฟต.โคกขาม
A42: PPIM18503E6A | B42: 20025748586 | C42: นายพิศักดิ์ ปิยะมาวดี | D42: 45604.375 | E42: - | F42: 10 | G42: - | H42: ยกเลิก | I42: - | J42: กฟต.โคกขาม
A43: PPIM1850390E | B43: 20017606676 | C43: นางกรกนก จันทร์ศิริยานันท์ | D43: 45583.728 | E43: 45607.483 | F43: 10 | G43: - | H43: ยกเลิก | I43: - | J43: กฟต.โคกขาม
A44: PPIM1850411F | B44: 20028053200 | C44: นายพิศักดิ์ ปิยะมาวดี | D44: 45614.421 | E44: - | F44: 10 | G44: - | H44: ยกเลิก | I44: - | J44: กฟต.โคกขาม
A45: PPIM185041DE | B45: 20003541082 | C45: นางปราณี รอดคง | D45: 45616.515 | E45: - | F45: 20 | G45: 45649.519 | H45: เชื่อมต่อเรียบร้อยแล้ว | I45: - | J45: กฟต.โคกขาม
A46: PPIM18504485 | B46: 20027984806 | C46: บริษัท ส.ศรีสุข 789 จำกัด | D46: 45626.471 | E46: - | F46: 5 | G46: 45643.59 | H46: เชื่อมต่อเรียบร้อยแล้ว | I46: - | J46: กฟต.โคกขาม
A47: PPIM185044A6 | B47: 20027748344 | C47: เทศบาลตำบลบางหญ้าแพรก | D47: 45627.769 | E47: - | F47: 10 | G47: 45666.54 | H47: เชื่อมต่อเรียบร้อยแล้ว | I47: - | J47: กฟต.โคกขาม
A48: PPIM1850462C | B48: 20027314906 | C48: นางโสภา อ่อนบุญธรรม | D48: 45635.692 | E48: - | F48: 5 | G48: 45637.478 | H48: เชื่อมต่อเรียบร้อยแล้ว | I48: - | J48: กฟต.โคกขาม
A49: PPIM195000C2 | B49: 20002980931 | C49: นายทรัพย์อนันต์ อังคารกร | D49: 45663.647 | E49: - | F49: 10 | G49: 45667.623 | H49: เชื่อมต่อเรียบร้อยแล้ว | I49: - | J49: กฟต.โคกขาม
A50: PPIM195001D1 | B50: 20021115576 | C50: รินดา เรืองชัยสิทธิ์ | D50: 45666.964 | E50: - | F50: 20 | G50: - | H50: ยกเลิก | I50: - | J50: กฟต.โคกขาม
A51: PPIM19500348 | B51: 20028053200 | C51: 3100700047267 | D51: 45672.672 | E51: - | F51: 10 | G51: - | H51: ยกเลิก | I51: - | J51: กฟต.โคกขาม
